Peptide_Family,Species
,Aeromonas caviae
,Aeromonas caviae
,Aeromonas caviae
,Aeromonas caviae
,Aeromonas veronii
,Aeromonas veronii
,Aeromonas veronii
,Aeromonas veronii
,Aeromonas veronii
,Aeromonas veronii
Dermaseptin,
Dermaseptin,
Dermaseptin,
Dermaseptin,
Dermaseptin,
Dermaseptin,
Dermaseptin,Agalychnis callidryas
Dermaseptin,Agalychnis callidryas
Dermaseptin,Agalychnis callidryas
Plasticin,
Plasticin,
,Agalychnis callidryas
,Agalychnis callidryas
,
,
Dermaseptin,
,
Dermaseptin,Agalychnis callidryas
Dermaseptin,
Dermaseptin,
Dermaseptin,
Dermaseptin,
Dermaseptin,
,Agalychnis dacnicolor
Dermaseptin,
,
Dermaseptin,
Phylloseptin,
Dermaseptin,Insulinotropic peptide
Dermaseptin,
Dermaseptin,
Dermaseptin,
Dermaseptin,
Phylloseptin,
,
,Alytes maurus
,
,
,
,
,
,
,
Amolopin,Amolops chunganensis
Brevinin,Amolops chunganensis
Brevinin,Amolops chunganensis
Brevinin,Amolops chunganensis
Brevinin,Amolops chunganensis
Brevinin,Amolops chunganensis
Temporin,Amolops chunganensis
Temporin,Amolops chunganensis
Temporin,Amolops chunganensis
Temporin,Amolops chunganensis
Temporin,Amolops chunganensis
Brevinin,Amolops chunganensis
,Amolops chunganensis
Esculentin,Amolops chunganensis
Palustrin,Amolops chunganensis
Temporin,Amolops chunganensis
Brevinin,
Brevinin,
Brevinin,
Brevinin,
Brevinin,
Brevinin,
Esculentin,
Palustrin,
Temporin,
Temporin,
Temporin,
,Amolops daiyunensis
Brevinin,Amolops daiyunensis
Brevinin,Amolops daiyunensis
Brevinin,Amolops daiyunensis
,Amolops daiyunensis
,Amolops daiyunensis
,Amolops daiyunensis
Palustrin,Amolops daiyunensis
Temporin,Amolops daiyunensis
Palustrin,Amolops daiyunensis
,Amolops granulosus
,Amolops granulosus
,Amolops granulosus
,Amolops granulosus
Brevinin,Amolops granulosus
Brevinin,Amolops granulosus
,Amolops granulosus
Amolopin,Amolops granulosus
Amolopin,Amolops granulosus
Palustrin,Amolops granulosus
Palustrin,Amolops granulosus
Palustrin,Amolops granulosus
Temporin,Amolops granulosus
Temporin,Amolops granulosus
Temporin,Amolops granulosus
Temporin,Amolops granulosus
Temporin,Amolops granulosus
Brevinin,Amolops granulosus
Amolopin,Amolops granulosus
Amolopin,Amolops granulosus
Palustrin,Amolops granulosus
Brevinin,Amolops hainanensis
Brevinin,Amolops hainanensis
Brevinin,Amolops hainanensis
,Amolops hainanensis
,Amolops hainanensis
,Amolops hainanensis
,Amolops hainanensis
,Amolops hainanensis
,Amolops hainanensis
,Amolops hainanensis
,Amolops hainanensis
,Amolops hainanensis
,Amolops hainanensis
,Amolops hainanensis
,Amolops hainanensis
,Amolops hainanensis
,Amolops hainanensis
,Amolops hainanensis
,Amolops hainanensis
,Amolops hainanensis
,Amolops hainanensis
,Amolops hainanensis
,Amolops hainanensis
,Amolops hainanensis
,Amolops hainanensis
,Amolops hainanensis
,Amolops hainanensis
,Amolops hainanensis
,Amolops hainanensis
,Amolops hainanensis
,Amolops hainanensis
,Amolops hainanensis
,Amolops hainanensis
,Amolops hainanensis
,Amolops hainanensis
,Amolops hainanensis
,Amolops hainanensis
,Amolops hainanensis
,Amolops hainanensis
,Amolops hainanensis
,Amolops hainanensis
,Amolops hainanensis
,Amolops hainanensis
,Amolops hainanensis
Esculentin,Amolops lifanensis
Amolopin,Amolops lifanensis
Amolopin,Amolops lifanensis
,Amolops lifanensis
Brevinin,Amolops lifanensis
Brevinin,Amolops lifanensis
Temporin,Amolops lifanensis
Temporin,Amolops lifanensis
Temporin,Amolops lifanensis
Temporin,Amolops lifanensis
Amolopin,Amolops lifanensis
Brevinin,Amolops lifanensis
Brevinin,Amolops lifanensis
Brevinin,Amolops lifanensis
Amolopin,Amolops loloensis
Amolopin,Amolops loloensis
Amolopin,Amolops loloensis
Amolopin,Amolops loloensis
Amolopin,Amolops loloensis
Amolopin,Amolops loloensis
Amolopin,Amolops loloensis
Amolopin,Amolops loloensis
Amolopin,Amolops loloensis
Amolopin,Amolops loloensis
Amolopin,Amolops loloensis
Amolopin,Amolops loloensis
Amolopin,Amolops loloensis
Amolopin,Amolops loloensis
Amolopin,Amolops loloensis
Amolopin,Amolops loloensis
Amolopin,Amolops loloensis
Amolopin,Amolops loloensis
Amolopin,Amolops loloensis
Amolopin,Amolops loloensis
Amolopin,Amolops loloensis
Amolopin,Amolops loloensis
Amolopin,Amolops loloensis
Amolopin,Amolops loloensis
Amolopin,Amolops loloensis
Amolopin,Amolops loloensis
Amolopin,Amolops loloensis
Amolopin,Amolops loloensis
Amolopin,Amolops loloensis
Amolopin,Amolops loloensis
Amolopin,"Amolops loloensis"""
,Amolops loloensis
Amolopin,
Temporin,
Amolopin,
Amolopin,
Amolopin,
Amolopin,
Amolopin,
Brevinin,
Brevinin,
Esculentin,
Esculentin,
Amolopin,
Amolopin,
Amolopin,
Amolopin,
Amolopin,
,Amolops mantzorum
Brevinin,Amolops mantzorum
Esculentin,Amolops mantzorum
Amolopin,Amolops mantzorum
,Amolops mantzorum
Amolopin,Amolops mantzorum
Temporin,Amolops mantzorum
Temporin,Amolops mantzorum
Temporin,Amolops mantzorum
Amolopin,Amolops mantzorum
,Amolops mantzorum
Brevinin,Amolops mantzorum
Brevinin,Amolops mantzorum
Esculentin,Amolops mantzorum
Esculentin,Amolops mantzorum
,Amolops mantzorum
,Amolops mantzorum
,Amolops mantzorum
Temporin,Amolops mantzorum
Temporin,Amolops mantzorum
Amolopin,
Brevinin,
Brevinin,
Brevinin,
Esculentin,
Esculentin,
Esculentin,
,
Temporin,
Temporin,
Brevinin,Amolops ricketti
Brevinin,Amolops ricketti
Brevinin,Amolops ricketti
Brevinin,Amolops ricketti
Brevinin,Amolops ricketti
,Amolops sp. 'jingdongensis'
,Amolops sp. 'jingdongensis'
,Amolops sp. 'jingdongensis'
,Amolops sp. 'jingdongensis'
,Amolops sp. 'jingdongensis'
Brevinin,Amolops sp. 'jingdongensis'
Brevinin,Amolops sp. 'jingdongensis'
Esculentin,Amolops sp. 'jingdongensis'
Esculentin,Amolops sp. 'jingdongensis'
Esculentin,Amolops sp. 'jingdongensis'
Esculentin,Amolops sp. 'jingdongensis'
Esculentin,Amolops sp. 'jingdongensis'
Esculentin,Amolops sp. 'jingdongensis'
Esculentin,Amolops sp. 'jingdongensis'
Esculentin,Amolops sp. 'jingdongensis'
,Amolops sp. 'jingdongensis'
,Amolops sp. 'jingdongensis'
,
Palustrin,
Palustrin,
Brevinin,Amolops sp. 'jingdongensis'
Brevinin,Amolops sp. 'jingdongensis'
Brevinin,Amolops sp. 'jingdongensis'
Brevinin,Amolops sp. 'jingdongensis'
Brevinin,Amolops sp. 'jingdongensis'
Brevinin,Amolops sp. 'jingdongensis'
Brevinin,Amolops sp. 'jingdongensis'
Brevinin,Amolops sp. 'jingdongensis'
Brevinin,Amolops sp. 'jingdongensis'
Brevinin,Amolops sp. 'jingdongensis'
Odorranain,Amolops sp. 'jingdongensis'
Esculentin,Amolops sp. 'jingdongensis'
Esculentin,Amolops sp. 'jingdongensis'
Esculentin,Amolops sp. 'jingdongensis'
Esculentin,Amolops sp. 'jingdongensis'
Temporin,Amolops sp. 'jingdongensis'
Temporin,Amolops sp. 'jingdongensis'
Temporin,Amolops sp. 'jingdongensis'
Temporin,Amolops sp. 'jingdongensis'
Temporin,Amolops sp. 'jingdongensis'
Temporin,Amolops sp. 'jingdongensis'
Temporin,Amolops sp. 'jingdongensis'
Temporin,Amolops sp. 'jingdongensis'
Temporin,Amolops sp. 'jingdongensis'
Temporin,Amolops sp. 'jingdongensis'
Temporin,Amolops sp. 'jingdongensis'
Amolopin,Amolops sp. 'jingdongensis'
,Amolops sp. 'jingdongensis'
,Amolops sp. 'jingdongensis'
,Amolops sp. 'jingdongensis'
,
,Amolops torrentis
,Amolops torrentis
,Amolops torrentis
Brevinin,Amolops torrentis
Brevinin,Amolops torrentis
Brevinin,Amolops torrentis
Brevinin,Amolops torrentis
Brevinin,Amolops torrentis
Brevinin,Amolops torrentis
Brevinin,Amolops torrentis
Brevinin,Amolops torrentis
Brevinin,Amolops torrentis
Brevinin,Amolops torrentis
Brevinin,Amolops torrentis
Temporin,Amolops torrentis
,Amolops torrentis
,Amolops torrentis
,Amolops torrentis
,Amolops viridimaculatus
,Amolops viridimaculatus
Brevinin,Amolops wuyiensis
Ranatuerin,Amolops wuyiensis
Brevinin,Amolops wuyiensis
Brevinin,Amolops wuyiensis
Brevinin,Amolops wuyiensis
Brevinin,Amolops wuyiensis
Brevinin,Amolops wuyiensis
Brevinin,Amolops wuyiensis
Brevinin,Amolops wuyiensis
Brevinin,Amolops wuyiensis
Brevinin,Amolops wuyiensis
Palustrin,Amolops wuyiensis
Temporin,Amolops wuyiensis
,Amolops wuyiensis
,Amolops wuyiensis
,Amolops wuyiensis
,Amolops wuyiensis
,Amolops wuyiensis
,Amolops wuyiensis
,Amolops wuyiensis
,
Ranatuerin,
Ranatuerin,
Ranatuerin,
Ranatuerin,
Ranatuerin,
Ranatuerin,
Ranatuerin,
Ranatuerin,
Ranatuerin,
Ranatuerin,Aquarana catesbeiana
,Aquarana catesbeiana
,Aquarana catesbeiana
,Aquarana catesbeiana
,Aquarana catesbeiana
,Aquarana catesbeiana
,Aquarana catesbeiana
,Aquarana catesbeiana
,Aquarana catesbeiana
,Aquarana catesbeiana
,Aquarana catesbeiana
,Aquarana catesbeiana
,Aquarana catesbeiana
,Aquarana catesbeiana
,Aquarana catesbeiana
Ranatuerin,Aquarana catesbeiana
Ranatuerin,Aquarana catesbeiana
Ranatuerin,Aquarana catesbeiana
Ranatuerin,Aquarana catesbeiana
Ranatuerin,Aquarana catesbeiana
Ranatuerin,Aquarana catesbeiana
Ranatuerin,Aquarana catesbeiana
Ranatuerin,Aquarana catesbeiana
Ranatuerin,Aquarana catesbeiana
Ranatuerin,Aquarana catesbeiana
Ranatuerin,Aquarana catesbeiana
Ranatuerin,Aquarana catesbeiana
Palustrin,Aquarana catesbeiana
Palustrin,Aquarana catesbeiana
Ranatuerin,Aquarana catesbeiana
Ranatuerin,Aquarana catesbeiana
Temporin,Aquarana catesbeiana
,Aquarana catesbeiana
Ranatuerin,Aquarana catesbeiana
,"Aquarana catesbeiana"""
Temporin,
Palustrin,Host defense
,
,
,
,
,
,
,
,
,Ascaphus truei
,Ascaphus truei
,Ascaphus truei
,Ascaphus truei
,Ascaphus truei
Brevinin,Babina adenopleura
Temporin,Babina adenopleura
,Babina adenopleura
,Babina adenopleura
,Bacteriophage sp.
,Bacteriophage sp.
,
,
,
,
,Boana picturata
,Boana picturata
,"Boana picturata"""
,"Boana picturata"""
,"Boana picturata"""
,"Boana picturata"""
,"Boana picturata"""
,"Boana picturata"""
,Boana picturata
,"Boana picturata"""
,Boana picturata
,Boana pulchella
,Boana pulchella
,
,
,
,
,
,
,
,
,
,
,
,
,Boana raniceps
,Boana raniceps
,Boana raniceps
,Boana raniceps
,Boana raniceps
,Boana raniceps
,Boana raniceps
,
,
,
,Bos taurus
Phylloseptin,Callimedusa baltea
Phylloseptin,Callimedusa duellmani
,Caudoviricetes sp.
,Caudoviricetes sp.
,Caudoviricetes sp.
,Caudoviricetes sp.
,Caudoviricetes sp.
,Caudoviricetes sp.
,Caudoviricetes sp.
,Caudoviricetes sp.
,Caudoviricetes sp.
,Caudoviricetes sp.
,Caudoviricetes sp.
,Caudoviricetes sp.
,Citrobacter braakii
,Citrobacter braakii
,Citrobacter braakii
,Citrobacter braakii
,Citrobacter braakii
,Citrobacter braakii
,Citrobacter braakii
,Citrobacter cronae
,Citrobacter cronae
,Citrobacter cronae
,Citrobacter cronae
,Citrobacter cronae
,Citrobacter cronae
,Citrobacter cronae
,Citrobacter cronae
,Citrobacter cronae
,Citrobacter meridianamericanus
,Citrobacter meridianamericanus
,Citrobacter meridianamericanus
,Citrobacter meridianamericanus
,Citrobacter meridianamericanus
,Citrobacter meridianamericanus
,Citrobacter meridianamericanus
,Citrobacter meridianamericanus
,Citrobacter meridianamericanus
,Citrobacter meridianamericanus
,Citrobacter meridianamericanus
,Citrobacter portucalensis
,Citrobacter portucalensis
,Citrobacter portucalensis
,Citrobacter portucalensis
,Citrobacter portucalensis
,Citrobacter portucalensis
,Citrobacter portucalensis
,Citrobacter portucalensis
,Citrobacter portucalensis
,Citrobacter portucalensis
,Citrobacter portucalensis
,Citrobacter portucalensis
,Citrobacter werkmanii
,Citrobacter werkmanii
,Corethrella appendiculata
,Cressvirus hydrothermal3476
,Cruziohyla calcarifer
,Cruziohyla calcarifer
,"Cruziohyla calcarifer"""
,"Cruziohyla calcarifer"""
,"Cruziohyla calcarifer"""
,Cruziohyla calcarifer
,Cruziohyla calcarifer
,Cruziohyla calcarifer
,"Cruziohyla calcarifer"""
,Cruziohyla calcarifer
,Cruziohyla calcarifer
,
,
,
,
,
,
,
,
,
,
,
,
,
,
,
,Dendrobates tinctorius
,Dendrobates tinctorius
,Dendrobates tinctorius
,Dendrobates tinctorius
,
,Edwardsiella tarda
,Edwardsiella tarda
,Edwardsiella tarda
,Edwardsiella tarda
,Edwardsiella tarda
,Edwardsiella tarda
,Edwardsiella tarda
,Edwardsiella tarda
,Edwardsiella tarda
,Edwardsiella tarda
,Edwardsiella tarda
,Edwardsiella tarda
,Edwardsiella tarda
,Edwardsiella tarda
,Edwardsiella tarda
,Edwardsiella tarda
,Edwardsiella tarda
,Edwardsiella tarda
,Edwardsiella tarda
,Edwardsiella tarda
,Edwardsiella tarda
,Edwardsiella tarda
,Edwardsiella tarda
,Edwardsiella tarda
,Edwardsiella tarda
,Edwardsiella tarda
,Edwardsiella tarda
,Edwardsiella tarda
,Edwardsiella tarda
,Edwardsiella tarda
,Edwardsiella tarda
,Edwardsiella tarda
,Edwardsiella tarda
,Edwardsiella tarda
,Edwardsiella tarda
,Edwardsiella tarda
,Edwardsiella tarda
,Edwardsiella tarda
,Edwardsiella tarda
,Edwardsiella tarda
,Edwardsiella tarda
,Edwardsiella tarda
,Edwardsiella tarda
,Edwardsiella tarda
,Edwardsiella tarda
,Edwardsiella tarda
,Edwardsiella tarda
,Edwardsiella tarda
,Edwardsiella tarda
,Edwardsiella tarda
,Edwardsiella tarda
,Edwardsiella tarda
,Edwardsiella tarda
,Edwardsiella tarda
,Edwardsiella tarda
,Edwardsiella tarda
,Edwardsiella tarda
,Edwardsiella tarda
,Edwardsiella tarda
,Edwardsiella tarda
,Edwardsiella tarda
,Edwardsiella tarda
,Edwardsiella tarda
,Edwardsiella tarda
,Edwardsiella tarda
,Edwardsiella tarda
,Edwardsiella tarda
,Edwardsiella tarda
,Edwardsiella tarda
,Edwardsiella tarda
,Edwardsiella tarda
,Elizabethkingia miricola
,Elizabethkingia miricola
,Elizabethkingia miricola
,Elizabethkingia miricola
,Elizabethkingia miricola
,Elizabethkingia miricola
,Elizabethkingia miricola
,Elizabethkingia miricola
,Elizabethkingia miricola
,Elizabethkingia miricola
,Elizabethkingia miricola
,Elizabethkingia miricola
,Elizabethkingia miricola
,Engystomops pustulosus
,Engystomops pustulosus
,Engystomops pustulosus
,Engystomops pustulosus
,Engystomops pustulosus
,Escherichia coli
,Escherichia coli
,Escherichia coli
,Escherichia coli
,Escherichia coli
,Escherichia coli
,Escherichia coli
,Escherichia coli
,Escherichia coli
,Escherichia coli
,Escherichia coli
,Escherichia coli
,Escherichia coli
,Escherichia coli
,Escherichia coli
,Escherichia coli
,Escherichia coli
,Escherichia coli
,Escherichia coli
,Escherichia coli
,Escherichia coli
,Escherichia coli
,Escherichia coli
,Escherichia coli
,Escherichia coli
,Escherichia coli
,Escherichia coli
,Escherichia coli
,Escherichia coli
,Escherichia coli
,Escherichia coli
,Escherichia coli
,Escherichia coli
,Escherichia coli
,Escherichia coli
,Escherichia coli
,Escherichia coli
,Escherichia coli
,Escherichia coli
,Escherichia coli
,Escherichia coli
,Escherichia coli
,Escherichia coli
,Escherichia coli
,Escherichia coli
,Escherichia coli
,Escherichia coli
,Escherichia coli
,Escherichia coli
,Escherichia coli
,Escherichia coli
,Escherichia coli
,Escherichia coli
,Escherichia coli
,Escherichia coli
,Escherichia coli
,Escherichia coli
,Escherichia coli
,Escherichia coli
,Escherichia coli
,Escherichia coli
,Escherichia coli
,Escherichia coli
,Escherichia coli
,Escherichia coli
,
,
Temporin,
Brevinin,
,
,Fejervarya multistriata
,Fejervarya multistriata
Gaegurin,Glandirana rugosa
Gaegurin,Glandirana rugosa
Gaegurin,"Rana rugosa=Korean mud frogs, skin, Peptide, 33 aa"""
Rugosin,"Rana rugosa, skin, Peptide, 33 aa"""
Rugosin,"Rana rugosa, skin, Peptide, 33 aa"""
Rugosin,"Rana rugosa, skin, Peptide, 37 aa"""
Gaegurin,
Gaegurin,
Gaegurin,
Gaegurin,
Gaegurin,
Gaegurin,
Rugosin,
Rugosin,
Rugosin,
Gaegurin,
Gaegurin,
Gaegurin,Glandirana rugosa
Brevinin,Glandirana susurra
Brevinin,Glandirana susurra
Brevinin,Glandirana susurra
Brevinin,Glandirana susurra
Esculentin,Glandirana susurra
Ranatuerin,Glandirana susurra
Brevinin,Glandirana susurra
Brevinin,Glandirana susurra
,
,
,
,
,Host defense
,Hylarana erythraea
Brevinin,Hylarana latouchii
Temporin,Hylarana latouchii
Brevinin,Hylarana latouchii
,Hylarana latouchii
,Hylarana latouchii
,Hylarana latouchii
Brevinin,Hylarana latouchii
Brevinin,Hylarana latouchii
Brevinin,Hylarana latouchii
Esculentin,Hylarana latouchii
Esculentin,Hylarana latouchii
Brevinin,Hylarana latouchii
Esculentin,Hylarana latouchii
Esculentin,Hylarana latouchii
Palustrin,Hylarana latouchii
Brevinin,Hylarana latouchii
Brevinin,Hylarana latouchii
Brevinin,Hylarana latouchii
Temporin,Hylarana latouchii
,Hylarana latouchii
,Hylarana latouchii
,Hylarana latouchii
Nigrocin,Hylarana latouchii
,Hylarana latouchii
Palustrin,Hylarana latouchii
Brevinin,Hylarana latouchii
,Hylarana nigrovittata
,Hylarana nigrovittata
,Hylarana nigrovittata
,Hylarana nigrovittata
,Hylarana nigrovittata
,Hylarana nigrovittata
,Hylarana nigrovittata
,Hylarana nigrovittata
,Hylarana nigrovittata
,Hylarana nigrovittata
,Hylarana nigrovittata
,Hylarana nigrovittata
,Hylarana nigrovittata
,Hylarana nigrovittata
,Hylarana nigrovittata
,Hylarana nigrovittata
,Hylarana nigrovittata
,Hylarana nigrovittata
,Hylarana nigrovittata
,Hylarana nigrovittata
,Hylarana nigrovittata
,Hylarana nigrovittata
,Hylarana nigrovittata
,Hylarana nigrovittata
,Hylarana nigrovittata
,Hylarana nigrovittata
,Hylarana nigrovittata
,Hylarana nigrovittata
,Hylarana nigrovittata
,Hylarana nigrovittata
,Hylarana nigrovittata
,Hylarana nigrovittata
,Hylarana nigrovittata
,Hylarana nigrovittata
,Hylarana nigrovittata
,Hylarana nigrovittata
,Hylarana nigrovittata
,Hylarana nigrovittata
,Hylarana nigrovittata
,Hylarana nigrovittata
,Hylarana nigrovittata
,Hylarana nigrovittata
,Hylarana nigrovittata
,Hylarana nigrovittata
,Hylarana nigrovittata
,Hylarana nigrovittata
,Hylarana nigrovittata
,Hylarana nigrovittata
,Hylarana nigrovittata
,Hylarana nigrovittata
,Hylarana nigrovittata
,Hylarana nigrovittata
,Hylarana nigrovittata
,Hylarana nigrovittata
,Hylarana nigrovittata
,Hylarana nigrovittata
,Hylarana nigrovittata
,Hylarana nigrovittata
,Hylarana nigrovittata
,Hylarana nigrovittata
,Hylarana nigrovittata
,Hylarana nigrovittata
,Hylarana nigrovittata
,Hylarana nigrovittata
,Hylarana nigrovittata
,Hylarana nigrovittata
,Hylarana nigrovittata
,Hylarana nigrovittata
,Hylarana nigrovittata
,Hylarana nigrovittata
,Hylarana nigrovittata
,Hylarana nigrovittata
,Hylarana nigrovittata
,Hylarana nigrovittata
,Hylarana nigrovittata
Rugosin,Hylarana nigrovittata
Rugosin,Hylarana nigrovittata
Rugosin,Hylarana nigrovittata
Rugosin,Hylarana nigrovittata
Rugosin,Hylarana nigrovittata
Rugosin,Hylarana nigrovittata
Rugosin,Hylarana nigrovittata
Rugosin,Hylarana nigrovittata
Rugosin,Hylarana nigrovittata
Rugosin,Hylarana nigrovittata
Rugosin,Hylarana nigrovittata
Rugosin,Hylarana nigrovittata
Rugosin,Hylarana nigrovittata
Rugosin,Hylarana nigrovittata
Rugosin,Hylarana nigrovittata
Rugosin,Hylarana nigrovittata
Rugosin,Hylarana nigrovittata
Rugosin,Hylarana nigrovittata
Rugosin,Hylarana nigrovittata
Rugosin,Hylarana nigrovittata
Rugosin,Hylarana nigrovittata
Rugosin,Hylarana nigrovittata
Rugosin,Hylarana nigrovittata
Rugosin,Hylarana nigrovittata
Rugosin,Hylarana nigrovittata
Rugosin,Hylarana nigrovittata
Rugosin,Hylarana nigrovittata
Rugosin,Hylarana nigrovittata
Rugosin,Hylarana nigrovittata
Rugosin,Hylarana nigrovittata
Rugosin,Hylarana nigrovittata
Rugosin,Hylarana nigrovittata
Rugosin,Hylarana nigrovittata
Rugosin,Hylarana nigrovittata
Rugosin,Hylarana nigrovittata
Rugosin,Hylarana nigrovittata
Rugosin,"Hylarana nigrovittata"""
Rugosin,Hylarana nigrovittata
Rugosin,Hylarana nigrovittata
Rugosin,Hylarana nigrovittata
Rugosin,Hylarana nigrovittata
Rugosin,Hylarana nigrovittata
Rugosin,Hylarana nigrovittata
Rugosin,Hylarana nigrovittata
Rugosin,Hylarana nigrovittata
Rugosin,Hylarana nigrovittata
Rugosin,Hylarana nigrovittata
Rugosin,Hylarana nigrovittata
Gaegurin,Hylarana nigrovittata
Gaegurin,Hylarana nigrovittata
Gaegurin,Hylarana nigrovittata
Gaegurin,Hylarana nigrovittata
Gaegurin,Hylarana nigrovittata
Gaegurin,Hylarana nigrovittata
Gaegurin,Hylarana nigrovittata
Gaegurin,Hylarana nigrovittata
Gaegurin,Hylarana nigrovittata
Gaegurin,Hylarana nigrovittata
Gaegurin,Hylarana nigrovittata
Gaegurin,Hylarana nigrovittata
Gaegurin,Hylarana nigrovittata
Gaegurin,Hylarana nigrovittata
Gaegurin,Hylarana nigrovittata
Gaegurin,Hylarana nigrovittata
Gaegurin,Hylarana nigrovittata
Gaegurin,Hylarana nigrovittata
Gaegurin,Hylarana nigrovittata
Gaegurin,Hylarana nigrovittata
Gaegurin,Hylarana nigrovittata
Gaegurin,Hylarana nigrovittata
Gaegurin,Hylarana nigrovittata
Gaegurin,Hylarana nigrovittata
Gaegurin,Hylarana nigrovittata
Gaegurin,Hylarana nigrovittata
Gaegurin,Hylarana nigrovittata
Gaegurin,Hylarana nigrovittata
Gaegurin,Hylarana nigrovittata
Gaegurin,Hylarana nigrovittata
Gaegurin,Hylarana nigrovittata
Gaegurin,Hylarana nigrovittata
Gaegurin,Hylarana nigrovittata
Gaegurin,Hylarana nigrovittata
Temporin,Hylarana nigrovittata
Temporin,Hylarana nigrovittata
Temporin,Hylarana nigrovittata
Temporin,Hylarana nigrovittata
Temporin,Hylarana nigrovittata
Temporin,Hylarana nigrovittata
Temporin,Hylarana nigrovittata
Brevinin,Hylarana nigrovittata
Brevinin,Hylarana nigrovittata
Brevinin,Hylarana nigrovittata
Brevinin,Hylarana taipehensis
Brevinin,Hylarana taipehensis
Brevinin,Hylarana taipehensis
Brevinin,Hylarana taipehensis
Brevinin,Hylarana taipehensis
Brevinin,Hylarana taipehensis
Esculentin,Hylarana taipehensis
Brevinin,Hylarana taipehensis
,Hylarana taipehensis
Temporin,Hylarana taipehensis
Temporin,Hylarana taipehensis
Temporin,Hylarana taipehensis
Temporin,Hylarana taipehensis
,Hylarana taipehensis
,Hymenochirus boettgeri
,Hyperolius riggenbachi
,Hyperolius riggenbachi
,Hyperolius riggenbachi
Brevinin,Indosylvirana indica
Brevinin,Indosylvirana indica
Brevinin,"Indosylvirana indica"""
,Kassina cochranae
,Kassina cochranae
,Kassina cochranae
,Kassina cochranae
,
,
,Kassina cochranae
,Kassina senegalensis
,
,
,
,
,
,Kassina senegalensis
,Kassina senegalensis
,Klebsiella aerogenes
,Klebsiella aerogenes
,Klebsiella aerogenes
,Klebsiella pneumoniae
,Klebsiella pneumoniae
,Klebsiella pneumoniae
,Klebsiella pneumoniae
,Klebsiella pneumoniae
,Klebsiella pneumoniae
Ocellatin,
Ocellatin,
Ocellatin,
Ocellatin,
Ocellatin,
Ocellatin,
,Leptodactylus fuscus
,Leptodactylus fuscus
,Leptodactylus fuscus
,Leptodactylus fuscus
Ocellatin,
Ocellatin,
Ocellatin,
Ocellatin,
Ocellatin,
Ocellatin,
,
Ocellatin,
Ocellatin,
Ocellatin,
Ocellatin,
Ocellatin,
Ocellatin,
Ocellatin,
Ocellatin,
,
,Leptospira alstonii serovar Pingchang str. 80-412
,Leptospira alstonii serovar Sichuan str. 79601
,Limnonectes fujianensis
,Limnonectes fujianensis
,Limnonectes kuhlii
,Limnonectes kuhlii
,Limnonectes kuhlii
,Limnonectes kuhlii
,Limnonectes kuhlii
,Limnonectes kuhlii
,Limnonectes kuhlii
,Limnonectes kuhlii
,Limnonectes kuhlii
,Limnonectes kuhlii
,Limnonectes kuhlii
,Limnonectes kuhlii
,Limnonectes kuhlii
,Limnonectes kuhlii
,Limnonectes kuhlii
Gaegurin,
Gaegurin,
Rugosin,
Rugosin,
Temporin,
Brevinin,
Brevinin,
Brevinin,
Brevinin,
Brevinin,
Brevinin,
Esculentin,
Ranatuerin,
Brevinin,"Lithobates blairi"""
Brevinin,"Lithobates blairi"""
Brevinin,"Lithobates blairi"""
Brevinin,"Lithobates blairi"""
Brevinin,"Lithobates blairi"""
Brevinin,"Lithobates blairi"""
,"Lithobates blairi"""
,"Lithobates blairi"""
,"Lithobates blairi"""
,"Lithobates blairi"""
,"Lithobates blairi"""
,"Lithobates blairi"""
,"Lithobates blairi"""
,"Lithobates blairi"""
,"Lithobates blairi"""
,"Lithobates blairi"""
,"Lithobates blairi"""
,"Lithobates blairi"""
Esculentin,"Lithobates blairi"""
Ranatuerin,"Lithobates blairi"""
Ranatuerin,"Lithobates blairi"""
Ranatuerin,"Lithobates blairi"""
Ranatuerin,"Lithobates chiricahuensis"""
Ranatuerin,"Lithobates chiricahuensis"""
Ranatuerin,"Lithobates chiricahuensis"""
Brevinin,"Lithobates chiricahuensis"""
Brevinin,"Lithobates chiricahuensis"""
Brevinin,"Lithobates chiricahuensis"""
Brevinin,"Lithobates chiricahuensis"""
Brevinin,"Lithobates chiricahuensis"""
Esculentin,"Lithobates chiricahuensis"""
,"Lithobates chiricahuensis"""
,"Lithobates chiricahuensis"""
,"Lithobates chiricahuensis"""
Ranatuerin,
,
,
Ranatuerin,
Ranatuerin,
Temporin,
Temporin,
Temporin,
Temporin,
Temporin,
,"Lithobates clamitans"""
,"Lithobates clamitans"""
Temporin,Lithobates clamitans
Palustrin,
Palustrin,
Palustrin,
Palustrin,
Palustrin,
Ranatuerin,
Palustrin,
Palustrin,
Brevinin,Lithobates palustris
Brevinin,Lithobates palustris
Esculentin,Lithobates palustris
Ranatuerin,Lithobates palustris
Nigrocin,Lithobates palustris
Brevinin,"Lithobates palustris"""
Brevinin,"Lithobates palustris"""
,"Lithobates palustris"""
,"Lithobates palustris"""
,"Lithobates palustris"""
,"Lithobates palustris"""
,"Lithobates palustris"""
,"Lithobates palustris"""
,"Lithobates palustris"""
,"Lithobates palustris"""
,"Lithobates palustris"""
,"Lithobates palustris"""
,"Lithobates palustris"""
,"Lithobates palustris"""
,"Lithobates palustris"""
,"Lithobates palustris"""
,"Lithobates palustris"""
,"Lithobates palustris"""
,"Lithobates palustris"""
,"Lithobates palustris"""
Esculentin,"Lithobates palustris"""
Ranatuerin,"Lithobates palustris"""
Palustrin,"Lithobates palustris"""
Palustrin,"Lithobates palustris"""
Palustrin,
Brevinin,
Brevinin,
Brevinin,
Esculentin,
Ranatuerin,
Ranatuerin,
Temporin,
Ranatuerin,Lithobates palustris
,Lithobates pipiens
Brevinin,Lithobates pipiens
Ranatuerin,Lithobates pipiens
Ranatuerin,Lithobates pipiens
,Peptide leucine
Ranatuerin,
Ranatuerin,
Brevinin,
Brevinin,
Brevinin,
Brevinin,
Brevinin,
Esculentin,
Temporin,
Ranatuerin,"Lithobates pipiens"""
Ranatuerin,"Lithobates pipiens"""
Brevinin,"Lithobates pipiens"""
Brevinin,"Lithobates pipiens"""
Brevinin,"Lithobates pipiens"""
Brevinin,"Lithobates pipiens"""
Brevinin,"Lithobates pipiens"""
Brevinin,"Lithobates pipiens"""
Brevinin,"Lithobates pipiens"""
Brevinin,"Lithobates pipiens"""
Brevinin,"Lithobates pipiens"""
,"Lithobates pipiens"""
,"Lithobates pipiens"""
,"Lithobates pipiens"""
,"Lithobates pipiens"""
,"Lithobates pipiens"""
,"Lithobates pipiens"""
,"Lithobates pipiens"""
,"Lithobates pipiens"""
,"Lithobates pipiens"""
,"Lithobates pipiens"""
,"Lithobates pipiens"""
,"Lithobates pipiens"""
,"Lithobates pipiens"""
Brevinin,"Lithobates pipiens"""
Brevinin,"Lithobates pipiens"""
Brevinin,"Lithobates pipiens"""
Brevinin,"Lithobates pipiens"""
Brevinin,"Lithobates pipiens"""
Brevinin,"Lithobates pipiens"""
Temporin,Lithobates pipiens
Brevinin,"Lithobates pipiens"""
Brevinin,"Lithobates pipiens"""
Brevinin,"Lithobates pipiens"""
Brevinin,"Lithobates pipiens"""
Brevinin,"Lithobates pipiens"""
Brevinin,"Lithobates pipiens"""
Brevinin,"Lithobates pipiens"""
Brevinin,"Lithobates pipiens"""
Brevinin,"Lithobates pipiens"""
Brevinin,"Lithobates pipiens"""
Brevinin,"Lithobates pipiens"""
,"Lithobates pipiens"""
,"Lithobates pipiens"""
,"Lithobates pipiens"""
,"Lithobates pipiens"""
,"Lithobates pipiens"""
,"Lithobates pipiens"""
,"Lithobates pipiens"""
,"Lithobates pipiens"""
,"Lithobates pipiens"""
,"Lithobates pipiens"""
,"Lithobates pipiens"""
,"Lithobates pipiens"""
,"Lithobates pipiens"""
,"Lithobates pipiens"""
,"Lithobates pipiens"""
,"Lithobates pipiens"""
,"Lithobates pipiens"""
,"Lithobates pipiens"""
,"Lithobates pipiens"""
,"Lithobates pipiens"""
,"Lithobates pipiens"""
,"Lithobates pipiens"""
,"Lithobates pipiens"""
,"Lithobates pipiens"""
,"Lithobates pipiens"""
,"Lithobates pipiens"""
,"Lithobates pipiens"""
,"Lithobates pipiens"""
,"Lithobates pipiens"""
,"Lithobates pipiens"""
Esculentin,"Lithobates pipiens"""
Esculentin,"Lithobates pipiens"""
,Lithobates pipiens
Odorranain,Lithobates pipiens
Odorranain,Lithobates pipiens
Odorranain,Lithobates pipiens
Esculentin,Lithobates pipiens
Esculentin,Lithobates pipiens
Esculentin,Lithobates pipiens
Brevinin,Lithobates pipiens
,"Lithobates pipiens"""
Temporin,Lithobates pipiens
,"Lithobates pipiens"""
,"Lithobates pipiens"""
Brevinin,Lithobates pipiens
Brevinin,
Brevinin,
Brevinin,
Brevinin,
Brevinin,
Ranatuerin,
Ranatuerin,
Temporin,
Temporin,
Temporin,
Brevinin,
Esculentin,
Esculentin,
Esculentin,
Ranatuerin,
Ranatuerin,
Ranatuerin,
Brevinin,
Brevinin,
Brevinin,
,"Lithobates sphenocephalus"""
,"Lithobates sphenocephalus"""
Brevinin,"Lithobates sphenocephalus"""
Brevinin,"Lithobates sphenocephalus"""
,"Lithobates sphenocephalus"""
,"Lithobates sphenocephalus"""
,"Lithobates sphenocephalus"""
,"Lithobates sphenocephalus"""
,"Lithobates sphenocephalus"""
,"Lithobates sphenocephalus"""
,"Lithobates sphenocephalus"""
,"Lithobates sphenocephalus"""
,"Lithobates sphenocephalus"""
,"Lithobates sphenocephalus"""
,"Lithobates sphenocephalus"""
,"Lithobates sphenocephalus"""
,"Lithobates sphenocephalus"""
,"Lithobates sphenocephalus"""
,"Lithobates sphenocephalus"""
,"Lithobates sphenocephalus"""
,"Lithobates sphenocephalus"""
,"Lithobates sphenocephalus"""
,"Lithobates sphenocephalus"""
Ranatuerin,"Lithobates sphenocephalus"""
,"Lithobates sphenocephalus"""
,"Lithobates sphenocephalus"""
,"Lithobates sphenocephalus"""
,"Lithobates sphenocephalus"""
,"Lithobates sphenocephalus"""
,"Lithobates sphenocephalus"""
,"Lithobates sphenocephalus"""
,"Lithobates sphenocephalus"""
,"Lithobates sphenocephalus"""
,"Lithobates sphenocephalus"""
,"Lithobates sphenocephalus"""
,"Lithobates sphenocephalus"""
,"Lithobates sphenocephalus"""
,"Lithobates sphenocephalus"""
,"Lithobates sphenocephalus"""
,"Lithobates sphenocephalus"""
,"Lithobates sphenocephalus"""
,"Lithobates sphenocephalus"""
,"Lithobates sphenocephalus"""
,"Lithobates sphenocephalus"""
,"Lithobates sphenocephalus"""
,"Lithobates sphenocephalus"""
,"Lithobates sphenocephalus"""
,"Lithobates sphenocephalus"""
Brevinin,
,
,
,
,
,
,
,
,
,
,
,
,
,
,
,
,
,
,
,
,
,
,
,
,
,
,
,
,
,
,
,
,Mixophyes fleayi
,Mixophyes fleayi
,Mixophyes fleayi
,Mixophyes fleayi
,Mixophyes fleayi
,Morganella morganii
,Morganella morganii
,Morganella morganii
,
,
,
,Mycobacterium liflandii 128FXT
,Nanorana parkeri
,Nanorana parkeri
,Nanorana parkeri
,Nanorana pleskei
,Nanorana pleskei
,Nanorana ventripunctata
,Nanorana yunnanensis
,
,Nidirana daunchina
Brevinin,Nidirana daunchina
Brevinin,Nidirana daunchina
,Nidirana daunchina
,Nidirana daunchina
Ranatuerin,Nidirana daunchina
Ranatuerin,Nidirana daunchina
Brevinin,
Brevinin,
Brevinin,
Brevinin,
Ranatuerin,
,Nidirana pleuraden
,Nidirana pleuraden
,Nidirana pleuraden
,Nidirana pleuraden
,Nidirana pleuraden
,Nidirana pleuraden
,Nidirana pleuraden
,Nidirana pleuraden
,Nidirana pleuraden
,Nidirana pleuraden
,Nidirana pleuraden
,Nidirana pleuraden
,Nidirana pleuraden
,Nidirana pleuraden
,Nidirana pleuraden
,Nidirana pleuraden
,Nidirana pleuraden
,Nidirana pleuraden
,Nidirana pleuraden
,Nidirana pleuraden
,Nidirana pleuraden
,Nidirana pleuraden
,Nidirana pleuraden
,Nidirana pleuraden
,Nidirana pleuraden
,Nidirana pleuraden
,Nidirana pleuraden
,Nidirana pleuraden
,Nidirana pleuraden
,Nidirana pleuraden
,Nidirana pleuraden
,Nidirana pleuraden
,Nidirana pleuraden
,Nidirana pleuraden
,Nidirana pleuraden
,Nidirana pleuraden
,Nidirana pleuraden
,Nidirana pleuraden
,Nidirana pleuraden
,Nidirana pleuraden
,Nidirana pleuraden
,Nidirana pleuraden
,Nidirana pleuraden
,Nidirana pleuraden
,Nidirana pleuraden
,Nidirana pleuraden
,Nidirana pleuraden
,Nidirana pleuraden
,Nidirana pleuraden
,Nidirana pleuraden
,Nidirana pleuraden
,Nidirana pleuraden
,Nidirana pleuraden
,Nidirana pleuraden
,Nidirana pleuraden
,Nidirana pleuraden
,Nidirana pleuraden
,Nidirana pleuraden
,Nidirana pleuraden
,Nidirana pleuraden
,Nidirana pleuraden
,Nidirana pleuraden
,Nidirana pleuraden
,Nidirana pleuraden
,Nidirana pleuraden
,Nidirana pleuraden
,Nidirana pleuraden
,Nidirana pleuraden
,Nidirana pleuraden
,Nidirana pleuraden
,Nidirana pleuraden
,Nidirana pleuraden
,Nidirana pleuraden
,Nidirana pleuraden
,Nidirana pleuraden
,Nidirana pleuraden
,Nidirana pleuraden
,Nidirana pleuraden
,Nidirana pleuraden
,Nidirana pleuraden
,Nidirana pleuraden
,Nidirana pleuraden
,Nidirana pleuraden
,Nidirana pleuraden
,Nidirana pleuraden
,Nidirana pleuraden
,Nidirana pleuraden
,Nidirana pleuraden
,Nidirana pleuraden
,Nidirana pleuraden
,Nidirana pleuraden
,Nidirana pleuraden
,Nidirana pleuraden
,Nidirana pleuraden
,Nidirana pleuraden
,Nidirana pleuraden
,Nidirana pleuraden
,Nidirana pleuraden
,Nidirana pleuraden
,Nidirana pleuraden
,Nidirana pleuraden
,Nidirana pleuraden
,Nidirana pleuraden
,Nidirana pleuraden
,Nidirana pleuraden
,Nidirana pleuraden
,Nidirana pleuraden
,Nidirana pleuraden
,Nidirana pleuraden
,Nidirana pleuraden
,Nidirana pleuraden
,Nidirana pleuraden
,Nidirana pleuraden
,Nidirana pleuraden
,Nidirana pleuraden
,Nidirana pleuraden
,Nidirana pleuraden
,Nidirana pleuraden
,Nidirana pleuraden
,Nidirana pleuraden
,Nidirana pleuraden
,Nidirana pleuraden
,Nidirana pleuraden
,Nidirana pleuraden
,Nidirana pleuraden
,Nidirana pleuraden
,Nidirana pleuraden
,Nidirana pleuraden
,Nidirana pleuraden
,Nidirana pleuraden
,Nidirana pleuraden
,Nidirana pleuraden
,Nidirana pleuraden
,Nidirana pleuraden
,Nidirana pleuraden
,
,
,
,
,
,
,
,
,
,
,
,Oceanobacillus oncorhynchi subsp. incaldanensis
Odorranain,Odorrana andersonii
,Odorrana andersonii
Odorranain,Odorrana andersonii
Odorranain,Odorrana andersonii
Odorranain,Odorrana andersonii
Odorranain,Odorrana andersonii
,Odorrana andersonii
Odorranain,Odorrana andersonii
Odorranain,Odorrana andersonii
Brevinin,Odorrana andersonii
Brevinin,Odorrana andersonii
,Odorrana andersonii
Brevinin,Odorrana andersonii
,Odorrana andersonii
Odorranain,Odorrana andersonii
Brevinin,Odorrana andersonii
Brevinin,Odorrana andersonii
,Odorrana andersonii
Brevinin,Odorrana andersonii
,Odorrana andersonii
Brevinin,Odorrana andersonii
Odorranain,Odorrana andersonii
Brevinin,Odorrana andersonii
,Odorrana andersonii
Brevinin,Odorrana andersonii
Brevinin,Odorrana andersonii
Odorranain,Odorrana andersonii
Odorranain,Odorrana andersonii
Odorranain,Odorrana andersonii
Brevinin,Odorrana andersonii
Odorranain,Odorrana andersonii
,Odorrana andersonii
,Odorrana andersonii
,Odorrana andersonii
Odorranain,Odorrana andersonii
,Odorrana andersonii
Ranatuerin,Odorrana andersonii
,Odorrana andersonii
Odorranain,Odorrana andersonii
Brevinin,Odorrana andersonii
,Odorrana andersonii
Odorranain,Odorrana andersonii
Odorranain,Odorrana andersonii
Odorranain,Odorrana andersonii
Odorranain,Odorrana andersonii
Odorranain,Odorrana andersonii
,Odorrana andersonii
Odorranain,Odorrana andersonii
Brevinin,Odorrana andersonii
,"Odorrana andersonii"""
,Odorrana andersonii
Brevinin,Odorrana andersonii
Odorranain,Odorrana andersonii
Odorranain,Odorrana andersonii
Brevinin,Odorrana andersonii
,Odorrana andersonii
Brevinin,Odorrana andersonii
Brevinin,Odorrana andersonii
Ranatuerin,Odorrana andersonii
Odorranain,Odorrana andersonii
Odorranain,Odorrana andersonii
Odorranain,Odorrana andersonii
Odorranain,Odorrana andersonii
Odorranain,Odorrana andersonii
,Odorrana andersonii
Brevinin,Odorrana andersonii
Odorranain,Odorrana andersonii
Odorranain,Odorrana andersonii
Brevinin,Odorrana andersonii
Palustrin,Odorrana andersonii
,Odorrana andersonii
,Odorrana andersonii
,Odorrana andersonii
,"Odorrana andersonii"""
,Odorrana andersonii
,Odorrana andersonii
Brevinin,Odorrana andersonii
Brevinin,Odorrana andersonii
Brevinin,Odorrana andersonii
Brevinin,Odorrana andersonii
Brevinin,Odorrana andersonii
Odorranain,Odorrana andersonii
Odorranain,Odorrana andersonii
Odorranain,Odorrana andersonii
Odorranain,Odorrana andersonii
Esculentin,Odorrana andersonii
,Odorrana andersonii
Esculentin,Odorrana andersonii
Brevinin,Odorrana andersonii
Brevinin,Odorrana andersonii
Brevinin,Odorrana andersonii
Brevinin,Odorrana andersonii
Brevinin,Odorrana andersonii
Brevinin,Odorrana andersonii
Brevinin,Odorrana andersonii
Brevinin,Odorrana andersonii
Brevinin,Odorrana andersonii
Brevinin,Odorrana andersonii
Brevinin,Odorrana andersonii
Brevinin,Odorrana andersonii
Brevinin,Odorrana andersonii
Brevinin,Odorrana andersonii
Brevinin,Odorrana andersonii
Brevinin,Odorrana andersonii
Brevinin,Odorrana andersonii
Brevinin,Odorrana andersonii
Brevinin,Odorrana andersonii
Brevinin,Odorrana andersonii
Brevinin,Odorrana andersonii
Brevinin,Odorrana andersonii
Brevinin,Odorrana andersonii
Brevinin,Odorrana andersonii
Brevinin,Odorrana andersonii
Brevinin,Odorrana andersonii
Brevinin,Odorrana andersonii
Brevinin,Odorrana andersonii
Brevinin,Odorrana andersonii
Brevinin,"Odorrana andersonii"""
Brevinin,Odorrana andersonii
Brevinin,Odorrana andersonii
Brevinin,Odorrana andersonii
Brevinin,Odorrana andersonii
Brevinin,Odorrana andersonii
Brevinin,Odorrana andersonii
Brevinin,Odorrana andersonii
Brevinin,Odorrana andersonii
Brevinin,Odorrana andersonii
Brevinin,Odorrana andersonii
Brevinin,Odorrana andersonii
Brevinin,Odorrana andersonii
Brevinin,Odorrana andersonii
Brevinin,Odorrana andersonii
Brevinin,Odorrana andersonii
Brevinin,"Odorrana andersonii"""
Brevinin,Odorrana andersonii
Brevinin,Odorrana andersonii
Brevinin,Odorrana andersonii
Brevinin,Odorrana andersonii
Brevinin,Odorrana andersonii
Brevinin,Odorrana andersonii
Brevinin,Odorrana andersonii
Brevinin,Odorrana andersonii
Brevinin,Odorrana andersonii
Brevinin,Odorrana andersonii
Brevinin,Odorrana andersonii
Brevinin,Odorrana andersonii
Brevinin,"Odorrana andersonii"""
Brevinin,Odorrana andersonii
Brevinin,Odorrana andersonii
Brevinin,Odorrana andersonii
Brevinin,Odorrana andersonii
Brevinin,Odorrana andersonii
Brevinin,Odorrana andersonii
Brevinin,Odorrana andersonii
Brevinin,Odorrana andersonii
Brevinin,Odorrana andersonii
Brevinin,Odorrana andersonii
Brevinin,Odorrana andersonii
Brevinin,Odorrana andersonii
Brevinin,Odorrana andersonii
Brevinin,Odorrana andersonii
Brevinin,Odorrana andersonii
Brevinin,Odorrana andersonii
Brevinin,Odorrana andersonii
Brevinin,Odorrana andersonii
Brevinin,Odorrana andersonii
Brevinin,Odorrana andersonii
Brevinin,Odorrana andersonii
Brevinin,Odorrana andersonii
Brevinin,Odorrana andersonii
Brevinin,Odorrana andersonii
Brevinin,Odorrana andersonii
Brevinin,Odorrana andersonii
Brevinin,Odorrana andersonii
Brevinin,Odorrana andersonii
Brevinin,Odorrana andersonii
Brevinin,Odorrana andersonii
Brevinin,Odorrana andersonii
Brevinin,Odorrana andersonii
Brevinin,Odorrana andersonii
Brevinin,Odorrana andersonii
Brevinin,Odorrana andersonii
Brevinin,Odorrana andersonii
Brevinin,Odorrana andersonii
Brevinin,Odorrana andersonii
Esculentin,Odorrana andersonii
Esculentin,Odorrana andersonii
Esculentin,Odorrana andersonii
Esculentin,Odorrana andersonii
Esculentin,Odorrana andersonii
Esculentin,Odorrana andersonii
Esculentin,Odorrana andersonii
Esculentin,Odorrana andersonii
Esculentin,Odorrana andersonii
Esculentin,Odorrana andersonii
Esculentin,Odorrana andersonii
Esculentin,Odorrana andersonii
Esculentin,Odorrana andersonii
Esculentin,Odorrana andersonii
Gaegurin,Odorrana andersonii
,"Odorrana andersonii"""
,"Odorrana andersonii"""
,Odorrana andersonii
,Odorrana andersonii
,Odorrana andersonii
,Odorrana andersonii
,Odorrana andersonii
,Odorrana andersonii
,Odorrana andersonii
,Odorrana andersonii
,Odorrana andersonii
,Odorrana andersonii
,Odorrana andersonii
,Odorrana andersonii
,Odorrana andersonii
,Odorrana andersonii
,Odorrana andersonii
,Odorrana andersonii
,Odorrana andersonii
,Odorrana andersonii
,Odorrana andersonii
,Odorrana andersonii
,Odorrana andersonii
,Odorrana andersonii
,Odorrana andersonii
,Odorrana andersonii
,Odorrana andersonii
,Odorrana andersonii
,Odorrana andersonii
,Odorrana andersonii
,Odorrana andersonii
,Odorrana andersonii
,Odorrana andersonii
,Odorrana andersonii
,Odorrana andersonii
,Odorrana andersonii
,Odorrana andersonii
,Odorrana andersonii
,Odorrana andersonii
,Odorrana andersonii
,Odorrana andersonii
,Odorrana andersonii
,Odorrana andersonii
,Odorrana andersonii
,Odorrana andersonii
,Odorrana andersonii
,Odorrana andersonii
,Odorrana andersonii
,Odorrana andersonii
,Odorrana andersonii
,Odorrana andersonii
,Odorrana andersonii
,Odorrana andersonii
,Odorrana andersonii
,Odorrana andersonii
,Odorrana andersonii
,Odorrana andersonii
,Odorrana andersonii
,Odorrana andersonii
,Odorrana andersonii
,Odorrana andersonii
,Odorrana andersonii
,Odorrana andersonii
,Odorrana andersonii
,Odorrana andersonii
,Odorrana andersonii
,Odorrana andersonii
,Odorrana andersonii
,Odorrana andersonii
,Odorrana andersonii
,Odorrana andersonii
,Odorrana andersonii
,Odorrana andersonii
,Odorrana andersonii
,Odorrana andersonii
,Odorrana andersonii
,Odorrana andersonii
,Odorrana andersonii
,Odorrana andersonii
,Odorrana andersonii
,Odorrana andersonii
,Odorrana andersonii
,Odorrana andersonii
,Odorrana andersonii
,Odorrana andersonii
,Odorrana andersonii
,Odorrana andersonii
,Odorrana andersonii
,Odorrana andersonii
,Odorrana andersonii
,Odorrana andersonii
,Odorrana andersonii
,Odorrana andersonii
Odorranain,Odorrana andersonii
Odorranain,Odorrana andersonii
Odorranain,Odorrana andersonii
Odorranain,Odorrana andersonii
Odorranain,Odorrana andersonii
Odorranain,Odorrana andersonii
Odorranain,Odorrana andersonii
Odorranain,Odorrana andersonii
Odorranain,Odorrana andersonii
Odorranain,Odorrana andersonii
Odorranain,Odorrana andersonii
Odorranain,Odorrana andersonii
Odorranain,Odorrana andersonii
Odorranain,Odorrana andersonii
Odorranain,Odorrana andersonii
Odorranain,Odorrana andersonii
Odorranain,Odorrana andersonii
Odorranain,Odorrana andersonii
Odorranain,Odorrana andersonii
Odorranain,Odorrana andersonii
Odorranain,Odorrana andersonii
Odorranain,Odorrana andersonii
Odorranain,Odorrana andersonii
Odorranain,Odorrana andersonii
Odorranain,Odorrana andersonii
Odorranain,Odorrana andersonii
Odorranain,Odorrana andersonii
Odorranain,Odorrana andersonii
Odorranain,Odorrana andersonii
Odorranain,Odorrana andersonii
Odorranain,Odorrana andersonii
Odorranain,Odorrana andersonii
Odorranain,Odorrana andersonii
Odorranain,Odorrana andersonii
Odorranain,Odorrana andersonii
Odorranain,Odorrana andersonii
Odorranain,"Odorrana andersonii"""
Odorranain,Odorrana andersonii
Odorranain,Odorrana andersonii
Odorranain,Odorrana andersonii
Odorranain,Odorrana andersonii
Odorranain,Odorrana andersonii
Odorranain,Odorrana andersonii
Odorranain,Odorrana andersonii
Odorranain,Odorrana andersonii
Odorranain,Odorrana andersonii
Odorranain,Odorrana andersonii
Odorranain,Odorrana andersonii
Odorranain,Odorrana andersonii
Odorranain,Odorrana andersonii
Odorranain,Odorrana andersonii
Odorranain,Odorrana andersonii
Odorranain,Odorrana andersonii
Odorranain,"Odorrana andersonii"""
Odorranain,Odorrana andersonii
Odorranain,Odorrana andersonii
Odorranain,Odorrana andersonii
Odorranain,Odorrana andersonii
Odorranain,Odorrana andersonii
Odorranain,Odorrana andersonii
Odorranain,Odorrana andersonii
Odorranain,Odorrana andersonii
Odorranain,Odorrana andersonii
Odorranain,Odorrana andersonii
Odorranain,Odorrana andersonii
Odorranain,Odorrana andersonii
Odorranain,Odorrana andersonii
Odorranain,Odorrana andersonii
Odorranain,Odorrana andersonii
Odorranain,Odorrana andersonii
Odorranain,Odorrana andersonii
Odorranain,Odorrana andersonii
Odorranain,Odorrana andersonii
Odorranain,Odorrana andersonii
Odorranain,Odorrana andersonii
Odorranain,Odorrana andersonii
Odorranain,Odorrana andersonii
Odorranain,Odorrana andersonii
Odorranain,Odorrana andersonii
Odorranain,Odorrana andersonii
Odorranain,Odorrana andersonii
Odorranain,Odorrana andersonii
Odorranain,Odorrana andersonii
Odorranain,Odorrana andersonii
Odorranain,Odorrana andersonii
Odorranain,Odorrana andersonii
Odorranain,Odorrana andersonii
Odorranain,Odorrana andersonii
Odorranain,Odorrana andersonii
Odorranain,Odorrana andersonii
Odorranain,Odorrana andersonii
Odorranain,Odorrana andersonii
Odorranain,Odorrana andersonii
Odorranain,Odorrana andersonii
Odorranain,Odorrana andersonii
Odorranain,Odorrana andersonii
Odorranain,Odorrana andersonii
Odorranain,Odorrana andersonii
Odorranain,Odorrana andersonii
Odorranain,Odorrana andersonii
Odorranain,Odorrana andersonii
Odorranain,Odorrana andersonii
Odorranain,Odorrana andersonii
Odorranain,Odorrana andersonii
Odorranain,Odorrana andersonii
Odorranain,Odorrana andersonii
Odorranain,Odorrana andersonii
Odorranain,Odorrana andersonii
Odorranain,Odorrana andersonii
Odorranain,Odorrana andersonii
Odorranain,Odorrana andersonii
Odorranain,Odorrana andersonii
Odorranain,Odorrana andersonii
Odorranain,Odorrana andersonii
Odorranain,Odorrana andersonii
Odorranain,Odorrana andersonii
Odorranain,Odorrana andersonii
Odorranain,Odorrana andersonii
Odorranain,Odorrana andersonii
Odorranain,Odorrana andersonii
Odorranain,Odorrana andersonii
Odorranain,Odorrana andersonii
Odorranain,Odorrana andersonii
Odorranain,Odorrana andersonii
Odorranain,Odorrana andersonii
Odorranain,Odorrana andersonii
Odorranain,Odorrana andersonii
Odorranain,Odorrana andersonii
Odorranain,Odorrana andersonii
Odorranain,Odorrana andersonii
Odorranain,Odorrana andersonii
Odorranain,Odorrana andersonii
Odorranain,Odorrana andersonii
Odorranain,Odorrana andersonii
Odorranain,Odorrana andersonii
Odorranain,Odorrana andersonii
Odorranain,Odorrana andersonii
Odorranain,Odorrana andersonii
Odorranain,Odorrana andersonii
Odorranain,Odorrana andersonii
Odorranain,Odorrana andersonii
Odorranain,Odorrana andersonii
Odorranain,Odorrana andersonii
Odorranain,Odorrana andersonii
Odorranain,Odorrana andersonii
Odorranain,Odorrana andersonii
Odorranain,Odorrana andersonii
Odorranain,Odorrana andersonii
Odorranain,Odorrana andersonii
Odorranain,Odorrana andersonii
Odorranain,Odorrana andersonii
Odorranain,Odorrana andersonii
Odorranain,Odorrana andersonii
Odorranain,Odorrana andersonii
Odorranain,Odorrana andersonii
Odorranain,Odorrana andersonii
Odorranain,Odorrana andersonii
Odorranain,Odorrana andersonii
Odorranain,Odorrana andersonii
Odorranain,Odorrana andersonii
Odorranain,Odorrana andersonii
Odorranain,Odorrana andersonii
Odorranain,Odorrana andersonii
Odorranain,Odorrana andersonii
Odorranain,Odorrana andersonii
Odorranain,Odorrana andersonii
Odorranain,Odorrana andersonii
Odorranain,Odorrana andersonii
Odorranain,Odorrana andersonii
Odorranain,Odorrana andersonii
Odorranain,Odorrana andersonii
Odorranain,Odorrana andersonii
Odorranain,Odorrana andersonii
Odorranain,Odorrana andersonii
Odorranain,Odorrana andersonii
Odorranain,Odorrana andersonii
Odorranain,Odorrana andersonii
Odorranain,Odorrana andersonii
Odorranain,Odorrana andersonii
Odorranain,Odorrana andersonii
Odorranain,Odorrana andersonii
Odorranain,Odorrana andersonii
Odorranain,Odorrana andersonii
Odorranain,Odorrana andersonii
Odorranain,Odorrana andersonii
Odorranain,Odorrana andersonii
Odorranain,Odorrana andersonii
Odorranain,Odorrana andersonii
Odorranain,Odorrana andersonii
Odorranain,Odorrana andersonii
Odorranain,Odorrana andersonii
Odorranain,Odorrana andersonii
Odorranain,Odorrana andersonii
Odorranain,Odorrana andersonii
Odorranain,Odorrana andersonii
Odorranain,Odorrana andersonii
Odorranain,Odorrana andersonii
Odorranain,Odorrana andersonii
Odorranain,Odorrana andersonii
Odorranain,Odorrana andersonii
Odorranain,Odorrana andersonii
Odorranain,Odorrana andersonii
Odorranain,Odorrana andersonii
Odorranain,Odorrana andersonii
Odorranain,Odorrana andersonii
Odorranain,Odorrana andersonii
Odorranain,Odorrana andersonii
Odorranain,Odorrana andersonii
Odorranain,Odorrana andersonii
Odorranain,Odorrana andersonii
Odorranain,Odorrana andersonii
Odorranain,Odorrana andersonii
Odorranain,Odorrana andersonii
Odorranain,Odorrana andersonii
Odorranain,Odorrana andersonii
Odorranain,Odorrana andersonii
Odorranain,Odorrana andersonii
,Odorrana andersonii
,Odorrana andersonii
,Odorrana andersonii
,Odorrana andersonii
,Odorrana andersonii
,Odorrana andersonii
,Odorrana andersonii
,Odorrana andersonii
,Odorrana andersonii
,Odorrana andersonii
Palustrin,Odorrana andersonii
Palustrin,Odorrana andersonii
Palustrin,Odorrana andersonii
,Odorrana andersonii
,Odorrana andersonii
,Odorrana andersonii
,Odorrana andersonii
,Odorrana andersonii
,Odorrana andersonii
Ranatuerin,Odorrana andersonii
Ranatuerin,Odorrana andersonii
Ranatuerin,Odorrana andersonii
Ranatuerin,Odorrana andersonii
Ranatuerin,Odorrana andersonii
Ranatuerin,Odorrana andersonii
Ranatuerin,Odorrana andersonii
Ranatuerin,Odorrana andersonii
Temporin,Odorrana andersonii
Temporin,Odorrana andersonii
,Odorrana andersonii
,Odorrana andersonii
,Odorrana andersonii
,"Odorrana andersonii"""
,"Odorrana andersonii"""
,"Odorrana andersonii"""
,Odorrana andersonii
,"Odorrana andersonii"""
,Odorrana andersonii
,Odorrana andersonii
,"Odorrana andersonii"""
,Odorrana andersonii
,Odorrana andersonii
,Odorrana andersonii
,Odorrana andersonii
,Odorrana andersonii
,Odorrana andersonii
,Odorrana andersonii
,Odorrana andersonii
,Odorrana andersonii
,Odorrana andersonii
,Odorrana andersonii
,Odorrana andersonii
,Odorrana andersonii
,"Odorrana andersonii"""
,Odorrana andersonii
,Odorrana andersonii
,Odorrana andersonii
,Odorrana andersonii
,"Odorrana andersonii"""
,"Odorrana andersonii"""
,Odorrana andersonii
,Odorrana andersonii
,Odorrana andersonii
,Odorrana andersonii
,Odorrana andersonii
,Odorrana andersonii
,Odorrana andersonii
,Odorrana andersonii
,Odorrana andersonii
,Odorrana andersonii
,Odorrana andersonii
,Odorrana andersonii
,Odorrana andersonii
,Odorrana andersonii
,Odorrana andersonii
,Odorrana andersonii
,"Odorrana andersonii"""
,Odorrana andersonii
,Odorrana andersonii
,Odorrana andersonii
,Odorrana andersonii
,Odorrana andersonii
,Odorrana andersonii
,Odorrana andersonii
Odorranain,Odorrana andersonii
,Odorrana andersonii
,"Odorrana andersonii"""
,
,
,
,Odorrana andersonii
,Odorrana andersonii
Brevinin,Odorrana exiliversabilis
Esculentin,Odorrana exiliversabilis
Esculentin,Odorrana exiliversabilis
Esculentin,Odorrana exiliversabilis
,Odorrana exiliversabilis
,Odorrana exiliversabilis
Nigrocin,Odorrana exiliversabilis
,Odorrana exiliversabilis
,Odorrana exiliversabilis
,Odorrana exiliversabilis
Odorranain,Odorrana exiliversabilis
Odorranain,Odorrana exiliversabilis
,Odorrana exiliversabilis
,Odorrana exiliversabilis
Ranatuerin,Odorrana exiliversabilis
Brevinin,Odorrana grahami
Brevinin,Odorrana grahami
Brevinin,Odorrana grahami
Brevinin,Odorrana grahami
Brevinin,Odorrana grahami
Brevinin,Odorrana grahami
Brevinin,Odorrana grahami
Brevinin,Odorrana grahami
Brevinin,"Odorrana grahami"""
Brevinin,Odorrana grahami
Brevinin,"Odorrana grahami"""
Brevinin,"Odorrana grahami"""
Brevinin,Odorrana grahami
Brevinin,Odorrana grahami
Brevinin,Odorrana grahami
Brevinin,Odorrana grahami
Brevinin,Odorrana grahami
Brevinin,Odorrana grahami
Brevinin,Odorrana grahami
Brevinin,Odorrana grahami
Brevinin,Odorrana grahami
Brevinin,Odorrana grahami
Brevinin,Odorrana grahami
Brevinin,Odorrana grahami
Brevinin,Odorrana grahami
Brevinin,Odorrana grahami
Brevinin,Odorrana grahami
Esculentin,Odorrana grahami
Esculentin,Odorrana grahami
Esculentin,Odorrana grahami
Esculentin,Odorrana grahami
Esculentin,"Odorrana grahami"""
Esculentin,"Odorrana grahami"""
Esculentin,Odorrana grahami
Esculentin,"Odorrana grahami"""
Esculentin,"Odorrana grahami"""
Esculentin,"Odorrana grahami"""
Esculentin,"Odorrana grahami"""
Esculentin,"Odorrana grahami"""
Esculentin,"Odorrana grahami"""
Esculentin,Odorrana grahami
Esculentin,Odorrana grahami
Esculentin,Odorrana grahami
Esculentin,Odorrana grahami
Esculentin,Odorrana grahami
Esculentin,Odorrana grahami
Esculentin,Odorrana grahami
Esculentin,Odorrana grahami
Esculentin,Odorrana grahami
Esculentin,Odorrana grahami
Esculentin,Odorrana grahami
Esculentin,Odorrana grahami
Esculentin,"Odorrana grahami"""
Esculentin,"Odorrana grahami"""
Esculentin,"Odorrana grahami"""
Esculentin,Odorrana grahami
Esculentin,Odorrana grahami
Esculentin,Odorrana grahami
Esculentin,Odorrana grahami
Esculentin,Odorrana grahami
Esculentin,Odorrana grahami
Esculentin,Odorrana grahami
Esculentin,Odorrana grahami
Esculentin,Odorrana grahami
Esculentin,Odorrana grahami
Esculentin,Odorrana grahami
Esculentin,Odorrana grahami
Esculentin,Odorrana grahami
,Odorrana grahami
,Odorrana grahami
,Odorrana grahami
,Odorrana grahami
,Odorrana grahami
,Odorrana grahami
,Odorrana grahami
,Odorrana grahami
,Odorrana grahami
,Odorrana grahami
,Odorrana grahami
,Odorrana grahami
,Odorrana grahami
,Odorrana grahami
,Odorrana grahami
,Odorrana grahami
,Odorrana grahami
,Odorrana grahami
,Odorrana grahami
,Odorrana grahami
,Odorrana grahami
,Odorrana grahami
,Odorrana grahami
,Odorrana grahami
,Odorrana grahami
,Odorrana grahami
,Odorrana grahami
,Odorrana grahami
,Odorrana grahami
,Odorrana grahami
,Odorrana grahami
,Odorrana grahami
,Odorrana grahami
,Odorrana grahami
,Odorrana grahami
,Odorrana grahami
,Odorrana grahami
,Odorrana grahami
,Odorrana grahami
,Odorrana grahami
,Odorrana grahami
,Odorrana grahami
,Odorrana grahami
,Odorrana grahami
,Odorrana grahami
,Odorrana grahami
,Odorrana grahami
,Odorrana grahami
,Odorrana grahami
,Odorrana grahami
,Odorrana grahami
,Odorrana grahami
,Odorrana grahami
,Odorrana grahami
,Odorrana grahami
,Odorrana grahami
,Odorrana grahami
,Odorrana grahami
,Odorrana grahami
,Odorrana grahami
,Odorrana grahami
,Odorrana grahami
,Odorrana grahami
,Odorrana grahami
,Odorrana grahami
,Odorrana grahami
,Odorrana grahami
,Odorrana grahami
,Odorrana grahami
,Odorrana grahami
,Odorrana grahami
,Odorrana grahami
,Odorrana grahami
,Odorrana grahami
,Odorrana grahami
,Odorrana grahami
,Odorrana grahami
,Odorrana grahami
,Odorrana grahami
,Odorrana grahami
,Odorrana grahami
,Odorrana grahami
,Odorrana grahami
,Odorrana grahami
,Odorrana grahami
,Odorrana grahami
,Odorrana grahami
,Odorrana grahami
,Odorrana grahami
,Odorrana grahami
,Odorrana grahami
,Odorrana grahami
,Odorrana grahami
,Odorrana grahami
,Odorrana grahami
,Odorrana grahami
,Odorrana grahami
,Odorrana grahami
,Odorrana grahami
,Odorrana grahami
,Odorrana grahami
,Odorrana grahami
,Odorrana grahami
,Odorrana grahami
,Odorrana grahami
,Odorrana grahami
,Odorrana grahami
,Odorrana grahami
,Odorrana grahami
,Odorrana grahami
,Odorrana grahami
,Odorrana grahami
,Odorrana grahami
,Odorrana grahami
,Odorrana grahami
,Odorrana grahami
,Odorrana grahami
,Odorrana grahami
,Odorrana grahami
,Odorrana grahami
,Odorrana grahami
,Odorrana grahami
Odorranain,Odorrana grahami
Odorranain,Odorrana grahami
Odorranain,Odorrana grahami
Odorranain,Odorrana grahami
Odorranain,Odorrana grahami
Odorranain,Odorrana grahami
Odorranain,Odorrana grahami
Odorranain,Odorrana grahami
Odorranain,Odorrana grahami
Odorranain,Odorrana grahami
Odorranain,Odorrana grahami
Odorranain,Odorrana grahami
Odorranain,Odorrana grahami
Odorranain,"Odorrana grahami"""
Odorranain,Odorrana grahami
Odorranain,"Odorrana grahami"""
Odorranain,Odorrana grahami
Odorranain,Odorrana grahami
Odorranain,Odorrana grahami
Odorranain,Odorrana grahami
Odorranain,Odorrana grahami
Odorranain,Odorrana grahami
Odorranain,Odorrana grahami
Odorranain,Odorrana grahami
Odorranain,Odorrana grahami
Odorranain,Odorrana grahami
Odorranain,Odorrana grahami
Odorranain,Odorrana grahami
Odorranain,Odorrana grahami
Odorranain,Odorrana grahami
Odorranain,Odorrana grahami
Odorranain,Odorrana grahami
Odorranain,Odorrana grahami
Odorranain,Odorrana grahami
Odorranain,Odorrana grahami
Odorranain,Odorrana grahami
Odorranain,Odorrana grahami
Odorranain,Odorrana grahami
Odorranain,Odorrana grahami
Odorranain,Odorrana grahami
Odorranain,Odorrana grahami
Odorranain,Odorrana grahami
Odorranain,Odorrana grahami
Odorranain,Odorrana grahami
Odorranain,Odorrana grahami
Odorranain,Odorrana grahami
Odorranain,Odorrana grahami
Odorranain,Odorrana grahami
Odorranain,Odorrana grahami
Odorranain,Odorrana grahami
Odorranain,Odorrana grahami
Odorranain,Odorrana grahami
Odorranain,Odorrana grahami
Odorranain,Odorrana grahami
Odorranain,Odorrana grahami
Odorranain,Odorrana grahami
Odorranain,Odorrana grahami
Odorranain,Odorrana grahami
Odorranain,Odorrana grahami
Odorranain,Odorrana grahami
Odorranain,Odorrana grahami
Odorranain,Odorrana grahami
Odorranain,Odorrana grahami
Odorranain,Odorrana grahami
Odorranain,Odorrana grahami
Odorranain,Odorrana grahami
Odorranain,Odorrana grahami
Odorranain,Odorrana grahami
Odorranain,Odorrana grahami
Odorranain,Odorrana grahami
Odorranain,Odorrana grahami
Odorranain,Odorrana grahami
Odorranain,Odorrana grahami
Odorranain,Odorrana grahami
Odorranain,Odorrana grahami
Odorranain,Odorrana grahami
Odorranain,Odorrana grahami
Odorranain,Odorrana grahami
Odorranain,Odorrana grahami
Odorranain,Odorrana grahami
Odorranain,Odorrana grahami
Odorranain,Odorrana grahami
Odorranain,Odorrana grahami
Odorranain,Odorrana grahami
Odorranain,Odorrana grahami
Odorranain,Odorrana grahami
Odorranain,Odorrana grahami
Odorranain,Odorrana grahami
Odorranain,Odorrana grahami
Odorranain,Odorrana grahami
Odorranain,Odorrana grahami
Odorranain,Odorrana grahami
Odorranain,Odorrana grahami
Odorranain,Odorrana grahami
Odorranain,Odorrana grahami
Odorranain,Odorrana grahami
Odorranain,Odorrana grahami
Odorranain,Odorrana grahami
Odorranain,Odorrana grahami
Odorranain,Odorrana grahami
Odorranain,Odorrana grahami
Odorranain,Odorrana grahami
Odorranain,Odorrana grahami
Odorranain,Odorrana grahami
Odorranain,Odorrana grahami
Odorranain,Odorrana grahami
Odorranain,Odorrana grahami
Odorranain,Odorrana grahami
Odorranain,Odorrana grahami
Odorranain,Odorrana grahami
Odorranain,Odorrana grahami
Odorranain,Odorrana grahami
Odorranain,Odorrana grahami
Odorranain,Odorrana grahami
Odorranain,Odorrana grahami
Odorranain,Odorrana grahami
Odorranain,Odorrana grahami
Odorranain,Odorrana grahami
Odorranain,Odorrana grahami
Odorranain,Odorrana grahami
Odorranain,Odorrana grahami
Odorranain,Odorrana grahami
Odorranain,Odorrana grahami
Odorranain,Odorrana grahami
Odorranain,Odorrana grahami
Odorranain,Odorrana grahami
Odorranain,Odorrana grahami
Odorranain,Odorrana grahami
Odorranain,Odorrana grahami
Odorranain,"Odorrana grahami"""
Odorranain,Odorrana grahami
Odorranain,Odorrana grahami
Odorranain,Odorrana grahami
Odorranain,Odorrana grahami
Odorranain,Odorrana grahami
Odorranain,Odorrana grahami
Odorranain,Odorrana grahami
Odorranain,Odorrana grahami
Odorranain,Odorrana grahami
Odorranain,Odorrana grahami
Odorranain,Odorrana grahami
Odorranain,"Odorrana grahami"""
Odorranain,Odorrana grahami
Odorranain,Odorrana grahami
Odorranain,Odorrana grahami
Odorranain,Odorrana grahami
Odorranain,Odorrana grahami
Odorranain,Odorrana grahami
Odorranain,Odorrana grahami
Odorranain,Odorrana grahami
Odorranain,Odorrana grahami
Odorranain,Odorrana grahami
Odorranain,Odorrana grahami
Odorranain,Odorrana grahami
Odorranain,Odorrana grahami
Odorranain,Odorrana grahami
Odorranain,Odorrana grahami
Odorranain,Odorrana grahami
Odorranain,Odorrana grahami
Odorranain,Odorrana grahami
Odorranain,Odorrana grahami
Odorranain,Odorrana grahami
Odorranain,Odorrana grahami
Odorranain,Odorrana grahami
Odorranain,Odorrana grahami
Odorranain,Odorrana grahami
Odorranain,Odorrana grahami
Odorranain,Odorrana grahami
Odorranain,Odorrana grahami
Odorranain,Odorrana grahami
Odorranain,Odorrana grahami
Palustrin,Odorrana grahami
Palustrin,Odorrana grahami
Palustrin,Odorrana grahami
Palustrin,Odorrana grahami
Palustrin,Odorrana grahami
Palustrin,Odorrana grahami
Palustrin,Odorrana grahami
Palustrin,Odorrana grahami
Palustrin,Odorrana grahami
Palustrin,Odorrana grahami
Brevinin,Odorrana grahami
Nigrocin,
Nigrocin,
,Odorrana grahami
Odorranain,Odorrana grahami
Odorranain,Odorrana grahami
Nigrocin,Odorrana grahami
Odorranain,Odorrana grahami
Esculentin,Odorrana grahami
Odorranain,Odorrana grahami
Esculentin,Odorrana grahami
Esculentin,Odorrana grahami
Esculentin,Odorrana grahami
Brevinin,Odorrana grahami
,"Odorrana grahami"""
Esculentin,Odorrana grahami
Esculentin,Odorrana grahami
Odorranain,Odorrana grahami
Esculentin,Odorrana grahami
Odorranain,Odorrana grahami
Nigrocin,Odorrana grahami
Odorranain,Odorrana grahami
,Odorrana grahami
,Odorrana grahami
,Odorrana grahami
,Odorrana grahami
Nigrocin,Odorrana grahami
Nigrocin,Odorrana grahami
Odorranain,Odorrana grahami
Nigrocin,Odorrana grahami
Nigrocin,Odorrana grahami
Odorranain,Odorrana grahami
,Odorrana grahami
Odorranain,Odorrana grahami
Odorranain,Odorrana grahami
Odorranain,Odorrana grahami
Odorranain,Odorrana grahami
Nigrocin,Odorrana grahami
Odorranain,Odorrana grahami
Nigrocin,Odorrana grahami
Esculentin,Odorrana grahami
Esculentin,Odorrana grahami
Odorranain,Odorrana grahami
Nigrocin,Odorrana grahami
Nigrocin,Odorrana grahami
Odorranain,Odorrana grahami
Nigrocin,Odorrana grahami
Esculentin,Odorrana grahami
Esculentin,Odorrana grahami
,Odorrana grahami
,"Odorrana grahami"""
,"Odorrana grahami"""
Brevinin,"Odorrana grahami"""
Odorranain,"Odorrana grahami"""
Odorranain,Odorrana grahami
Odorranain,Odorrana grahami
Odorranain,Odorrana grahami
Odorranain,Odorrana grahami
Brevinin,
Brevinin,
Nigrocin,
Brevinin,Odorrana grahami
Brevinin,
Brevinin,
Esculentin,
Brevinin,Odorrana hainanensis
Brevinin,Odorrana hainanensis
Brevinin,Odorrana hainanensis
Esculentin,Odorrana hainanensis
Esculentin,Odorrana hainanensis
,Odorrana hainanensis
,Odorrana hainanensis
,Odorrana hainanensis
Odorranain,Odorrana hainanensis
Odorranain,Odorrana hainanensis
Odorranain,Odorrana hainanensis
Odorranain,Odorrana hainanensis
Odorranain,Odorrana hainanensis
Brevinin,
Brevinin,
Brevinin,
Brevinin,
Odorranain,
Odorranain,
Temporin,
Temporin,
Nigrocin,Odorrana hejiangensis
,Odorrana hejiangensis
Brevinin,
Brevinin,
Brevinin,
Brevinin,
Nigrocin,
Nigrocin,
Esculentin,
Esculentin,
Esculentin,Odorrana ishikawae
Palustrin,Odorrana ishikawae
Brevinin,Odorrana ishikawae
Brevinin,Odorrana ishikawae
Nigrocin,Odorrana ishikawae
Nigrocin,Odorrana ishikawae
Palustrin,Odorrana ishikawae
Palustrin,Odorrana ishikawae
Nigrocin,Odorrana ishikawae
Brevinin,Odorrana ishikawae
,Odorrana ishikawae
,Odorrana ishikawae
,Odorrana ishikawae
Palustrin,Odorrana ishikawae
Brevinin,
Brevinin,
Brevinin,
Esculentin,
Esculentin,
Esculentin,
Nigrocin,
Nigrocin,
Palustrin,
Esculentin,
Esculentin,
Brevinin,
Brevinin,
Brevinin,
Brevinin,
Nigrocin,
Nigrocin,
,Odorrana livida
,Odorrana livida
,Odorrana livida
,Odorrana livida
Nigrocin,Odorrana livida
Nigrocin,Odorrana livida
,
,
,
,
,Odorrana livida
,Odorrana livida
,Odorrana livida
,Odorrana livida
,Odorrana livida
,Odorrana livida
,Odorrana livida
,Odorrana livida
,Odorrana livida
,Odorrana livida
,Odorrana livida
,Odorrana livida
,Odorrana livida
,Odorrana livida
,Odorrana livida
,Odorrana livida
,Odorrana livida
,Odorrana livida
,Odorrana livida
,Odorrana livida
,Odorrana livida
,Odorrana livida
,Odorrana livida
,Odorrana livida
Brevinin,Odorrana margaretae
Brevinin,Odorrana margaretae
Brevinin,Odorrana margaretae
Brevinin,Odorrana margaretae
Esculentin,Odorrana margaretae
Esculentin,Odorrana margaretae
Esculentin,Odorrana margaretae
Esculentin,Odorrana margaretae
,Odorrana margaretae
,Odorrana margaretae
,Odorrana margaretae
Odorranain,Odorrana margaretae
Odorranain,Odorrana margaretae
Odorranain,Odorrana margaretae
Odorranain,Odorrana margaretae
Odorranain,Odorrana margaretae
Ranatuerin,Odorrana margaretae
Esculentin,Odorrana margaretae
,Odorrana margaretae
Odorranain,Odorrana margaretae
Odorranain,Odorrana margaretae
Odorranain,Odorrana margaretae
Esculentin,Odorrana margaretae
Odorranain,Odorrana margaretae
Odorranain,Odorrana margaretae
Odorranain,Odorrana margaretae
Odorranain,Odorrana margaretae
Odorranain,Odorrana margaretae
Odorranain,Odorrana margaretae
Odorranain,Odorrana margaretae
Odorranain,Odorrana margaretae
Brevinin,Odorrana margaretae
Brevinin,Odorrana margaretae
Brevinin,Odorrana schmackeri
Esculentin,Odorrana schmackeri
Esculentin,Odorrana schmackeri
Brevinin,
Nigrocin,Odorrana schmackeri
Odorranain,Odorrana schmackeri
Brevinin,Odorrana schmackeri
,Odorrana schmackeri
,Odorrana schmackeri
,Odorrana schmackeri
Odorranain,Odorrana schmackeri
Odorranain,Odorrana schmackeri
,Odorrana schmackeri
Brevinin,Odorrana schmackeri
Brevinin,Odorrana schmackeri
Odorranain,Odorrana schmackeri
Ranatuerin,Odorrana schmackeri
,Odorrana schmackeri
Odorranain,Odorrana schmackeri
Brevinin,Odorrana schmackeri
Brevinin,Odorrana schmackeri
Nigrocin,Odorrana schmackeri
,Odorrana schmackeri
Brevinin,Odorrana schmackeri
Brevinin,Odorrana schmackeri
,Odorrana tiannanensis
,Odorrana tiannanensis
,Odorrana tiannanensis
,Odorrana tiannanensis
,Odorrana tiannanensis
,Odorrana tiannanensis
,Odorrana tiannanensis
,Odorrana tiannanensis
,Odorrana tiannanensis
,Odorrana tiannanensis
,Odorrana tiannanensis
,Odorrana tiannanensis
,Odorrana tiannanensis
,Odorrana tiannanensis
,Odorrana tiannanensis
,Odorrana tiannanensis
,Odorrana tiannanensis
,Odorrana tiannanensis
,Odorrana tiannanensis
,Odorrana tiannanensis
,Odorrana tiannanensis
,Odorrana tiannanensis
,Odorrana tiannanensis
,Odorrana tiannanensis
,Odorrana tiannanensis
,Odorrana tiannanensis
,Odorrana tiannanensis
,Odorrana tiannanensis
,Odorrana tiannanensis
,Odorrana tiannanensis
,Odorrana tiannanensis
,Odorrana tiannanensis
,Odorrana tiannanensis
,Odorrana tiannanensis
,Odorrana tiannanensis
,Odorrana tiannanensis
,Odorrana tiannanensis
,Odorrana tiannanensis
,Odorrana tiannanensis
,Odorrana tiannanensis
,Odorrana tiannanensis
,Odorrana tiannanensis
Brevinin,Odorrana versabilis
Esculentin,Odorrana versabilis
Esculentin,Odorrana versabilis
Brevinin,Odorrana versabilis
Ranatuerin,Odorrana versabilis
Ranatuerin,Odorrana versabilis
Palustrin,Odorrana versabilis
Ranatuerin,
Ranatuerin,
Temporin,
Brevinin,
Brevinin,
Esculentin,
Esculentin,
Palustrin,
Palustrin,
,Odorrana versabilis
,Odorrana versabilis
,
,
,
,
,
,
,
,
,
,
,
,
,
,
,
,
,Ostertagia ostertagi
,
,
,Pelophylax fukienensis
,Pelophylax fukienensis
,Pelophylax fukienensis
,Pelophylax fukienensis
Brevinin,Pelophylax fukienensis
Esculentin,Pelophylax fukienensis
Esculentin,Pelophylax fukienensis
Brevinin,
,
,
,
,
,Pelophylax fukienensis
Temporin,Pelophylax fukienensis
Brevinin,Pelophylax hubeiensis
Brevinin,Pelophylax hubeiensis
Brevinin,Pelophylax hubeiensis
Brevinin,Pelophylax hubeiensis
Brevinin,Pelophylax hubeiensis
Esculentin,Pelophylax hubeiensis
Esculentin,Pelophylax hubeiensis
Palustrin,Pelophylax hubeiensis
,Pelophylax hubeiensis
,Pelophylax hubeiensis
,Pelophylax hubeiensis
,Pelophylax hubeiensis
,Pelophylax hubeiensis
,Pelophylax hubeiensis
Temporin,Pelophylax hubeiensis
Temporin,Pelophylax hubeiensis
Temporin,Pelophylax hubeiensis
Temporin,Pelophylax hubeiensis
Brevinin,"Rana esculenta=European frogs, skin secretion, Peptide, 24 aa"""
Brevinin,"Rana esculenta=European frogs, skin secretion, Peptide, 33 aa"""
Esculentin,"Rana esculenta=European frogs, skin secretion, Peptide, 46 aa"""
Brevinin,
Esculentin,
Brevinin,
Brevinin,
Brevinin,
Brevinin,
Brevinin,
Brevinin,
Brevinin,
Brevinin,
Brevinin,
Esculentin,
Esculentin,
Esculentin,
Esculentin,
Brevinin,Pelophylax lessonae
Brevinin,Pelophylax lessonae
Esculentin,Pelophylax lessonae
,
,Pelophylax lessonae
Temporin,Pelophylax lessonae
Temporin,Pelophylax lessonae
Esculentin,"Pelophylax lessonae"""
Brevinin,Pelophylax lessonae
,Pelophylax lessonae
Esculentin,
Brevinin,Pelophylax lessonae
Esculentin,
Temporin,Pelophylax lessonae
Brevinin,"Pelophylax lessonae"""
Brevinin,Pelophylax lessonae
Brevinin,Pelophylax lessonae
Brevinin,Pelophylax lessonae
Temporin,Pelophylax lessonae
Nigrocin,
Nigrocin,
Nigrocin,Pelophylax nigromaculatus
Temporin,"Pelophylax nigromaculatus"""
Temporin,"Pelophylax nigromaculatus"""
Temporin,"Pelophylax nigromaculatus"""
Temporin,"Pelophylax nigromaculatus"""
Temporin,"Pelophylax nigromaculatus"""
Temporin,"Pelophylax nigromaculatus"""
Temporin,"Pelophylax nigromaculatus"""
Brevinin,"Pelophylax nigromaculatus"""
Brevinin,"Pelophylax nigromaculatus"""
Brevinin,"Pelophylax nigromaculatus"""
Brevinin,"Pelophylax nigromaculatus"""
Brevinin,"Pelophylax nigromaculatus"""
Brevinin,"Pelophylax nigromaculatus"""
Brevinin,"Pelophylax nigromaculatus"""
Brevinin,"Pelophylax nigromaculatus"""
Brevinin,"Pelophylax nigromaculatus"""
Brevinin,"Pelophylax nigromaculatus"""
Esculentin,"Pelophylax nigromaculatus"""
Esculentin,"Pelophylax nigromaculatus"""
Esculentin,"Pelophylax nigromaculatus"""
Esculentin,"Pelophylax nigromaculatus"""
Esculentin,"Pelophylax nigromaculatus"""
Esculentin,"Pelophylax nigromaculatus"""
Esculentin,"Pelophylax nigromaculatus"""
Esculentin,"Pelophylax nigromaculatus"""
Esculentin,"Pelophylax nigromaculatus"""
Esculentin,"Pelophylax nigromaculatus"""
Esculentin,"Pelophylax nigromaculatus"""
Esculentin,"Pelophylax nigromaculatus"""
Esculentin,"Pelophylax nigromaculatus"""
Esculentin,"Pelophylax nigromaculatus"""
Nigrocin,"Pelophylax nigromaculatus"""
Nigrocin,"Pelophylax nigromaculatus"""
Nigrocin,"Pelophylax nigromaculatus"""
Nigrocin,"Pelophylax nigromaculatus"""
Nigrocin,"Pelophylax nigromaculatus"""
Nigrocin,"Pelophylax nigromaculatus"""
Nigrocin,"Pelophylax nigromaculatus"""
Nigrocin,"Pelophylax nigromaculatus"""
Nigrocin,"Pelophylax nigromaculatus"""
Nigrocin,"Pelophylax nigromaculatus"""
Nigrocin,"Pelophylax nigromaculatus"""
Nigrocin,"Pelophylax nigromaculatus"""
Nigrocin,"Pelophylax nigromaculatus"""
Nigrocin,"Pelophylax nigromaculatus"""
Nigrocin,"Pelophylax nigromaculatus"""
,"Pelophylax nigromaculatus"""
,"Pelophylax nigromaculatus"""
,"Pelophylax nigromaculatus"""
,"Pelophylax nigromaculatus"""
,"Pelophylax nigromaculatus"""
Ranatuerin,"Pelophylax nigromaculatus"""
Ranatuerin,"Pelophylax nigromaculatus"""
Ranatuerin,"Pelophylax nigromaculatus"""
Ranatuerin,"Pelophylax nigromaculatus"""
Temporin,"Pelophylax nigromaculatus"""
Temporin,"Pelophylax nigromaculatus"""
Temporin,"Pelophylax nigromaculatus"""
Temporin,"Pelophylax nigromaculatus"""
Temporin,"Pelophylax nigromaculatus"""
Temporin,"Pelophylax nigromaculatus"""
Temporin,"Pelophylax nigromaculatus"""
Esculentin,Pelophylax nigromaculatus
,Pelophylax nigromaculatus
Temporin,Pelophylax nigromaculatus
,Pelophylax nigromaculatus
Esculentin,Pelophylax nigromaculatus
Temporin,Pelophylax nigromaculatus
,Pelophylax nigromaculatus
Nigrocin,Pelophylax nigromaculatus
,Pelophylax nigromaculatus
,Pelophylax nigromaculatus
Brevinin,Pelophylax nigromaculatus
Temporin,Pelophylax nigromaculatus
Brevinin,"Rana brevipoda, ssp. porsa, skin, Peptide, 33 aa"""
Brevinin,"Rana brevipoda, ssp. porsa, skin, Peptide, 24 aa"""
Brevinin,
Brevinin,
Brevinin,
Brevinin,
Ranatuerin,
Ranatuerin,
Brevinin,
Brevinin,
Brevinin,
Brevinin,
Brevinin,
Brevinin,
Brevinin,
Brevinin,
Brevinin,
Brevinin,
Esculentin,
Esculentin,
Esculentin,
Esculentin,
Esculentin,
Brevinin,
Brevinin,
Brevinin,
Brevinin,
Brevinin,
Brevinin,
Temporin,
Brevinin,
Brevinin,
Esculentin,
Esculentin,
Rugosin,
Temporin,"Pelophylax saharicus"""
Temporin,"Pelophylax saharicus"""
Temporin,Pelophylax saharicus
Brevinin,Pelophylax saharicus
Brevinin,Pelophylax saharicus
Brevinin,Pelophylax saharicus
Brevinin,Pelophylax saharicus
Brevinin,Pelophylax saharicus
Temporin,
Temporin,
Temporin,
Temporin,
Temporin,
Temporin,
,
Dermatoxin,
Dermatoxin,
Dermatoxin,
Dermaseptin,
Dermaseptin,
Dermaseptin,
Dermaseptin,
Dermaseptin,
Dermaseptin,
Dermaseptin,
Dermaseptin,
Dermaseptin,
Dermaseptin,
Phylloseptin,
Phylloseptin,
Phylloseptin,
Phylloseptin,
Phylloseptin,
Phylloseptin,
Phylloseptin,
Dermaseptin,
Dermaseptin,
,Skin peptide
Dermaseptin,
,Phyllomedusa bicolor
Dermatoxin,
Dermaseptin,
Dermaseptin,
,
Dermaseptin,Phyllomedusa bicolor
,Phyllomedusa bicolor
Dermaseptin,
Dermaseptin,
Dermaseptin,
Dermaseptin,
Dermaseptin,
Dermaseptin,
Dermaseptin,
Dermaseptin,
Dermaseptin,
Phylloseptin,Phyllomedusa burmeisteri
Phylloseptin,Phyllomedusa burmeisteri
Phylloseptin,Phyllomedusa burmeisteri
Phylloseptin,Phyllomedusa coelestis
Dermaseptin,Phyllomedusa coelestis
Dermaseptin,
Dermaseptin,
Dermaseptin,
Dermaseptin,
Dermaseptin,
,
Dermaseptin,"Phyllomedusa sauvagii=frogs, skin, Peptide Partial, 34 aa"""
Dermaseptin,
Dermaseptin,
Dermaseptin,
Dermaseptin,
,Proteinase inhibitor
Dermaseptin,
Dermaseptin,
Dermaseptin,
Dermatoxin,
,
Dermaseptin,Phyllomedusa sauvagii
Dermaseptin,
Dermaseptin,
Dermaseptin,
Dermaseptin,Atypical cationic
Dermaseptin,
Phylloseptin,Phyllomedusa sauvagii
Phylloseptin,Phyllomedusa sauvagii
Dermaseptin,Phyllomedusa sauvagii
Dermaseptin,Phyllomedusa sauvagii
Dermaseptin,Phyllomedusa sauvagii
Dermaseptin,Phyllomedusa sauvagii
Phylloseptin,
Phylloseptin,
Phylloseptin,
Phylloseptin,
Phylloseptin,
Phylloseptin,
Dermaseptin,
Dermaseptin,
Dermaseptin,
Dermaseptin,
Dermaseptin,
Dermaseptin,
Dermaseptin,
Dermaseptin,
Dermaseptin,
Phylloseptin,
Phylloseptin,
Phylloseptin,
Phylloseptin,Phyllomedusa tarsius
,Phyllomedusa tarsius
Phylloseptin,Phyllomedusa tarsius
,
Dermaseptin,
,
,
,
,
Dermaseptin,Phyllomedusa tarsius
Phylloseptin,
Dermaseptin,
Dermaseptin,
Dermaseptin,
Dermaseptin,
Dermaseptin,
Dermaseptin,
Dermaseptin,
Dermaseptin,
Dermaseptin,
Dermaseptin,
Dermaseptin,
Dermaseptin,
Dermaseptin,
Dermaseptin,
Dermaseptin,
Phylloseptin,
Phylloseptin,
Phylloseptin,
Phylloseptin,
Phylloseptin,
Phylloseptin,
Plasticin,
Phylloseptin,Phyllomedusa vaillantii
,
,
Dermaseptin,Pithecopus azureus
Dermaseptin,"Pithecopus azureus"""
,"Pithecopus azureus"""
Dermaseptin,Pithecopus azureus
Dermaseptin,
Dermaseptin,
Dermaseptin,
Phylloseptin,
,
Dermaseptin,
Dermaseptin,
,
,
,
,
,
Phylloseptin,
Phylloseptin,
Phylloseptin,
Phylloseptin,
Phylloseptin,
Phylloseptin,
,Antimicrobial peptide
Phylloseptin,
Phylloseptin,
Phylloseptin,
Dermaseptin,
Dermaseptin,
Dermaseptin,
Dermaseptin,
Dermaseptin,
Dermaseptin,
Phylloseptin,
Phylloseptin,
Phylloseptin,
Phylloseptin,
Phylloseptin,
Phylloseptin,
Phylloseptin,
,Pithecopus hypochondrialis
,Pithecopus hypochondrialis
,Pithecopus hypochondrialis
,
Dermaseptin,Pithecopus hypochondrialis
Dermaseptin,
Dermaseptin,
,
Phylloseptin,Pithecopus hypochondrialis
,"Pithecopus nordestinus"""
Dermaseptin,
Dermaseptin,
Phylloseptin,
Phylloseptin,
Dermaseptin,
Phylloseptin,
Phylloseptin,
Phylloseptin,
Dermaseptin,
Phylloseptin,
Phylloseptin,
Phylloseptin,
Dermaseptin,Pithecopus palliatus
,Plesiomonas shigelloides
,Plesiomonas shigelloides
,Plesiomonas shigelloides
,Plesiomonas shigelloides
,Plesiomonas shigelloides
,Plesiomonas shigelloides
Brevinin,"Podisus maculiventris, hemolymph, Peptide, 21 aa"""
,
Ranatuerin,Pseudacris regilla
Ranatuerin,Pseudacris regilla
Ranatuerin,Pseudacris regilla
Odorranain,Pseudacris regilla
,"Pseudacris regilla"""
Temporin,Pseudacris regilla
Temporin,Pseudacris regilla
,
,
,
,
,
,
,
,Pseudomonas putida
,Pseudomonas putida
,Pseudophryne corroboree
,Pseudophryne corroboree
,Pseudophryne corroboree
,Pseudophryne corroboree
,Pseudophryne corroboree
,Pseudophryne corroboree
,Pseudophryne corroboree
Brevinin,
Brevinin,
Brevinin,
Brevinin,
Brevinin,
Brevinin,
Brevinin,
Temporin,
,Quasipaa spinosa
,Quasipaa spinosa
Ranatuerin,Rana amurensis
Ranatuerin,Rana amurensis
Temporin,Rana amurensis
,"Rana amurensis"""
,"Rana amurensis"""
,"Rana amurensis"""
Brevinin,"Rana amurensis"""
Palustrin,"Rana amurensis"""
Palustrin,"Rana amurensis"""
Palustrin,"Rana amurensis"""
Palustrin,"Rana amurensis"""
,"Rana amurensis"""
,"Rana amurensis"""
,"Rana amurensis"""
,"Rana amurensis"""
,"Rana amurensis"""
,"Rana amurensis"""
,"Rana amurensis"""
,"Rana amurensis"""
,"Rana amurensis"""
,"Rana amurensis"""
Brevinin,
Brevinin,
Ranatuerin,
Ranatuerin,
Temporin,"Rana arvalis"""
Temporin,"Rana arvalis"""
Temporin,"Rana arvalis"""
Temporin,"Rana arvalis"""
Temporin,"Rana arvalis"""
Temporin,"Rana arvalis"""
Temporin,"Rana arvalis"""
Temporin,"Rana arvalis"""
Temporin,"Rana arvalis"""
Temporin,"Rana arvalis"""
Temporin,"Rana arvalis"""
Temporin,"Rana arvalis"""
Brevinin,"Rana arvalis"""
Brevinin,"Rana arvalis"""
Brevinin,"Rana arvalis"""
Brevinin,"Rana arvalis"""
Brevinin,"Rana arvalis"""
Brevinin,"Rana arvalis"""
Brevinin,"Rana arvalis"""
Brevinin,"Rana arvalis"""
Brevinin,"Rana arvalis"""
Brevinin,"Rana arvalis"""
Brevinin,"Rana arvalis"""
Brevinin,"Rana arvalis"""
Brevinin,"Rana arvalis"""
Brevinin,"Rana arvalis"""
Brevinin,"Rana arvalis"""
Palustrin,"Rana arvalis"""
Brevinin,
Temporin,
Temporin,
Brevinin,
Brevinin,
Brevinin,
Ranatuerin,
Ranatuerin,
Temporin,
Ranatuerin,Rana boylii
Ranatuerin,Rana boylii
,Rana boylii
Esculentin,Rana boylii
Brevinin,Rana boylii
,"Rana boylii"""
Temporin,Rana boylii
Brevinin,
Brevinin,
Brevinin,
Brevinin,
Brevinin,
Brevinin,"C18S,C24Sbrevinin-1BYa"""
Brevinin,"C18S,C24Sbrevinin-1BYa"""
Ranatuerin,
Brevinin,
Temporin,
Temporin,
Temporin,
Temporin,
Ranatuerin,
,Rana chensinensis
,Rana chensinensis
Temporin,Rana chensinensis
Brevinin,Rana chensinensis
Brevinin,Rana chensinensis
Temporin,Rana chensinensis
Temporin,Rana chensinensis
,Rana chensinensis
Palustrin,Rana chensinensis
Palustrin,Rana chensinensis
,Rana chensinensis
,Rana chensinensis
,Rana chensinensis
,Rana chensinensis
,Rana chensinensis
,Rana chensinensis
,Rana chensinensis
,Rana chensinensis
,Rana chensinensis
,Rana chensinensis
,Rana chensinensis
,Rana chensinensis
,Rana chensinensis
Brevinin,Rana chensinensis
Brevinin,Rana chensinensis
Brevinin,Rana chensinensis
Temporin,Rana chensinensis
Temporin,Rana chensinensis
Temporin,Rana chensinensis
Temporin,Rana chensinensis
Temporin,Rana chensinensis
Palustrin,Rana chensinensis
,Rana chensinensis
Temporin,Rana chensinensis
Temporin,Rana chensinensis
,Rana chensinensis
Palustrin,Rana chensinensis
Brevinin,Rana chensinensis
,
Temporin,Rana chensinensis
Ranatuerin,Rana draytonii
Odorranain,Rana draytonii
Esculentin,Rana draytonii
Brevinin,Rana draytonii
Temporin,Rana draytonii
Temporin,Rana draytonii
Temporin,
Brevinin,
Brevinin,
Brevinin,
Brevinin,
Brevinin,
Brevinin,
Brevinin,
Brevinin,
Brevinin,
Brevinin,Rana dybowskii
Brevinin,Rana dybowskii
Brevinin,Rana dybowskii
,Rana dybowskii
,Rana dybowskii
,Rana dybowskii
,Rana dybowskii
,Rana dybowskii
,Rana dybowskii
,Rana dybowskii
,Rana dybowskii
Brevinin,
Brevinin,
Temporin,
Temporin,
Temporin,
Temporin,
Brevinin,
Brevinin,
,
,
,
,
Ranatuerin,Rana dybowskii
,"Rana dybowskii"""
,"Rana dybowskii"""
,"Rana dybowskii"""
,"Rana dybowskii"""
,"Rana dybowskii"""
,"Rana dybowskii"""
,"Rana dybowskii"""
,"Rana dybowskii"""
Ranatuerin,"Rana dybowskii"""
Ranatuerin,"Rana dybowskii"""
Ranatuerin,"Rana dybowskii"""
Ranatuerin,"Rana dybowskii"""
Ranatuerin,"Rana dybowskii"""
Ranatuerin,"Rana dybowskii"""
Ranatuerin,"Rana dybowskii"""
,"Rana dybowskii"""
,"Rana dybowskii"""
,"Rana dybowskii"""
Brevinin,
Brevinin,Rana huanrensis
Brevinin,
Brevinin,
Temporin,
,
,
Temporin,
Brevinin,Rana japonica
Brevinin,Rana kukunoris
Brevinin,Rana kukunoris
Brevinin,Rana kukunoris
Brevinin,Rana kukunoris
Brevinin,Rana kukunoris
Brevinin,Rana kukunoris
,Rana kukunoris
,Rana kukunoris
,Rana kukunoris
,Rana kukunoris
Palustrin,Rana kukunoris
Palustrin,Rana kukunoris
Palustrin,Rana kukunoris
,Rana kukunoris
Brevinin,Rana kukunoris
Brevinin,Rana kukunoris
Brevinin,Rana kukunoris
,Rana kukunoris
,Rana kukunoris
,Rana kukunoris
,Rana kukunoris
Temporin,Rana kukunoris
,Rana kunyuensis
Brevinin,
Brevinin,
Brevinin,
Ranatuerin,
Ranatuerin,
Temporin,
Temporin,
Brevinin,
Brevinin,
Esculentin,
Ranatuerin,
Ranatuerin,
Temporin,
Temporin,
Temporin,
,Rana omeimontis
,Rana omeimontis
Temporin,Rana omeimontis
Temporin,Rana omeimontis
Temporin,Rana ornativentris
Temporin,Rana ornativentris
Brevinin,Rana ornativentris
,"Rana pretiosa"""
,"Rana pretiosa"""
,"Rana pretiosa"""
Ranatuerin,"Rana pretiosa"""
Ranatuerin,"Rana pretiosa"""
,"Rana pretiosa"""
,Rana sakuraii
,Rana sakuraii
,Rana sakuraii
Ranatuerin,Rana sierrae
Ranatuerin,Rana sierrae
,"Rana sierrae"""
Temporin,Rana sierrae
Temporin,"Rana sierrae"""
,Rana tagoi
Ranatuerin,Rana tagoi
Brevinin,Rana tagoi okiensis
Brevinin,Rana tagoi okiensis
Ranatuerin,Rana tagoi okiensis
Ranatuerin,Rana tagoi okiensis
Ranatuerin,Rana tagoi okiensis
Ranatuerin,Rana tagoi okiensis
,Rana tagoi okiensis
,Rana tagoi okiensis
,Rana tagoi okiensis
,Rana tagoi okiensis
Temporin,
Temporin,
Temporin,
Brevinin,Rana temporaria
Brevinin,Rana temporaria
,
Temporin,
Temporin,
Temporin,
Temporin,
Temporin,
Brevinin,
Brevinin,
Temporin,
Temporin,
,Rana temporaria
Brevinin,
Brevinin,
Brevinin,
Brevinin,
Brevinin,
,
Temporin,"Rana temporaria"""
Temporin,"Rana temporaria"""
Temporin,"Rana temporaria"""
Temporin,"Rana temporaria"""
Temporin,"Rana temporaria"""
Temporin,"Rana temporaria"""
Temporin,"Rana temporaria"""
Temporin,"Rana temporaria"""
Temporin,"Rana temporaria"""
Temporin,"Rana temporaria"""
Temporin,"Rana temporaria"""
Temporin,"Rana temporaria"""
Temporin,"Rana temporaria"""
Temporin,"Rana temporaria"""
Temporin,"Rana temporaria"""
Temporin,"Rana temporaria"""
Brevinin,"Rana temporaria"""
Brevinin,"Rana temporaria"""
Brevinin,"Rana temporaria"""
Brevinin,"Rana temporaria"""
Brevinin,"Rana temporaria"""
Brevinin,"Rana temporaria"""
Brevinin,"Rana temporaria"""
Brevinin,"Rana temporaria"""
Brevinin,"Rana temporaria"""
Palustrin,"Rana temporaria"""
Palustrin,"Rana temporaria"""
Palustrin,"Rana temporaria"""
Palustrin,"Rana temporaria"""
Palustrin,"Rana temporaria"""
Palustrin,"Rana temporaria"""
Palustrin,"Rana temporaria"""
Palustrin,"Rana temporaria"""
Palustrin,"Rana temporaria"""
Palustrin,"Rana temporaria"""
Palustrin,"Rana temporaria"""
Palustrin,"Rana temporaria"""
,Rana temporaria
,Rana temporaria
,Rana temporaria
,Rana temporaria
,
,
Temporin,
Temporin,
Temporin,
Temporin,
Temporin,
Temporin,
Brevinin,
Temporin,
Brevinin,Rana ulma
Brevinin,Rana ulma
Brevinin,Rana ulma
Brevinin,Rana ulma
Brevinin,Rana ulma
Brevinin,Rana ulma
Ranatuerin,Rana ulma
Brevinin,Rana zhenhaiensis
Brevinin,Rana zhenhaiensis
Brevinin,Rana zhenhaiensis
Brevinin,Rana zhenhaiensis
Brevinin,Rana zhenhaiensis
Brevinin,Rana zhenhaiensis
Brevinin,Rana zhenhaiensis
Brevinin,Rana zhenhaiensis
Brevinin,Rana zhenhaiensis
Brevinin,Rana zhenhaiensis
Brevinin,Rana zhenhaiensis
Ranatuerin,Rana zhenhaiensis
,Rana zhenhaiensis
,Rana zhenhaiensis
,Ranitomeya imitator
,Ranitomeya imitator
,Ranitomeya imitator
,Ranitomeya imitator
,Ranitomeya imitator
,
,
,
,Ranoidea aurea
,
,
,
,
,
,
,
,
,
,
,
,
,
,
,
,
,
,
,
,
,Ranoidea caerulea
,Ranoidea caerulea
,Ranoidea caerulea
,Ranoidea caerulea
,Ranoidea caerulea
,Ranoidea caerulea
,
,
,
,
,
,Ranoidea caerulea
,
,
,
,
,
,
,
,
,
,
,
,
,
,
,
,
,
,
,
,
,
,
,
,
,
,
,
,
,
,
,
,
,
,
,
,
,
,
,
,
,
,
,
,
,
,
,
,
,
,
,Ranoidea splendida x Ranoidea caerulea
,Ranoidea splendida x Ranoidea caerulea
,Salmonella bongori CFSAN000510
,Salmonella bongori CFSAN000510
,Salmonella bongori CFSAN000510
,Salmonella bongori CFSAN000510
,Salmonella bongori CFSAN000510
,Salmonella bongori CFSAN000510
,Salmonella enterica subsp. enterica serovar Bareilly str. CFSAN000183
,Salmonella enterica subsp. enterica serovar Bareilly str. CFSAN000183
,Salmonella enterica subsp. enterica serovar Bareilly str. CFSAN000183
,Salmonella enterica subsp. enterica serovar Bareilly str. CFSAN000183
,Salmonella enterica subsp. enterica serovar Bareilly str. CFSAN000183
,Salmonella enterica subsp. enterica serovar Bareilly str. CFSAN000183
,Salmonella enterica subsp. enterica serovar Bareilly str. CFSAN000183
,Salmonella enterica subsp. enterica serovar Bareilly str. CFSAN000183
,Salmonella enterica subsp. enterica serovar Bareilly str. CFSAN000183
,Salmonella enterica subsp. enterica serovar Javiana
,Salmonella enterica subsp. enterica serovar Javiana
,Salmonella enterica subsp. enterica serovar Javiana
,Salmonella enterica subsp. enterica serovar Newport str. CVM 19447
,Salmonella enterica subsp. enterica serovar Newport str. CVM 19447
,Salmonella enterica subsp. enterica serovar Newport str. CVM 19447
,Salmonella enterica subsp. enterica serovar Newport str. CVM 19447
,"Salmonella enterica subsp. enterica serovar Newport str. CVM 19447"""
,"Salmonella enterica subsp. enterica serovar Newport str. CVM 19447"""
,Salmonella enterica subsp. enterica serovar Newport str. CVM 19447
,Salmonella enterica subsp. enterica serovar Newport str. CVM 19447
,Salmonella enterica subsp. enterica serovar Newport str. CVM 19447
,Salmonella enterica subsp. enterica serovar Nottingham
,Salmonella enterica subsp. enterica serovar Nottingham
,Salmonella enterica subsp. enterica serovar Nottingham
,Sphaenorhynchus lacteus
,
,
,Staurois parvus
,Streptococcus agalactiae
,Streptococcus agalactiae STIR-CD-21
,Succinatimonas hippei YIT 12066
Brevinin,Sylvirana guentheri
Brevinin,Sylvirana guentheri
Temporin,
Brevinin,
Brevinin,
Brevinin,
Brevinin,Sylvirana guentheri
Brevinin,Sylvirana guentheri
Brevinin,Sylvirana guentheri
Brevinin,Sylvirana guentheri
Brevinin,Sylvirana guentheri
Brevinin,Sylvirana guentheri
Brevinin,Sylvirana guentheri
Brevinin,Sylvirana guentheri
Brevinin,Sylvirana guentheri
,Sylvirana maosonensis
,Sylvirana maosonensis
Brevinin,Sylvirana maosonensis
Brevinin,Sylvirana maosonensis
Brevinin,Sylvirana maosonensis
Esculentin,Sylvirana maosonensis
Esculentin,Sylvirana maosonensis
,Sylvirana maosonensis
,Sylvirana maosonensis
,Sylvirana maosonensis
,Sylvirana maosonensis
Odorranain,Sylvirana maosonensis
Temporin,Sylvirana maosonensis
Temporin,Sylvirana maosonensis
Temporin,Sylvirana maosonensis
Temporin,Sylvirana maosonensis
Temporin,Sylvirana maosonensis
Temporin,Sylvirana maosonensis
,Sylvirana maosonensis
Brevinin,Sylvirana spinulosa
Brevinin,Sylvirana spinulosa
Brevinin,Sylvirana spinulosa
Brevinin,Sylvirana spinulosa
Brevinin,Sylvirana spinulosa
Brevinin,Sylvirana spinulosa
Brevinin,Sylvirana spinulosa
Esculentin,Sylvirana spinulosa
Esculentin,Sylvirana spinulosa
Esculentin,Sylvirana spinulosa
,Sylvirana spinulosa
,Sylvirana spinulosa
,Sylvirana spinulosa
,Sylvirana spinulosa
Odorranain,Sylvirana spinulosa
,Sylvirana spinulosa
,Sylvirana spinulosa
Ranatuerin,Sylvirana spinulosa
,Sylvirana spinulosa
Temporin,Sylvirana spinulosa
Temporin,Sylvirana spinulosa
Temporin,Sylvirana spinulosa
Temporin,Sylvirana spinulosa
,Sylvirana spinulosa
Brevinin,
Brevinin,
Brevinin,
Brevinin,
Brevinin,
Brevinin,
Brevinin,
Esculentin,
Ranatuerin,
Temporin,
Temporin,
Temporin,
Temporin,
,Distinctin chain
,Distinctin chain
Gaegurin,
,
,
,Distinctin chain
,Distinctin chain
,
,"synthetic construct"""
Temporin,"synthetic construct"""
Temporin,"synthetic construct"""
,Theloderma corticale
,Xenophilus sp. AP218F
,Xenophilus sp. AP218F
,Xenophilus sp. AP218F
,Caerulein precursor
,Caerulein precursor
,Caerulein precursor
,
,
,
,
,
,Xenoposin precursor
,Caerulein precursor
,Caerulein precursor
,
,
,
,
,
,Xenoposin precursor
,Xenoposin precursor
,Xenoposin precursor
,Small acidic
,Xenopsin peptides
,"Xenopus laevis, Peptide, 24 aa"""
,"Xenopus laevis, skin, Peptide, 66 aa"""
,Antimicrobial peptide
,
,Xenopus laevis
,
,Xenopus laevis
,Xenopus laevis
,Xenopus laevis
,Xenopus laevis
,
,Xenopus laevis
,Xenopus laevis
,Xenopus laevis
,Xenopus laevis
,Xenopus laevis
,Xenopus laevis
,Xenopus laevis
,Xenopus laevis
,Xenopus laevis
,
,Caerulein precursor
,Caerulein precursor
,Caerulein precursor
,Caerulein precursor
,Caerulein precursor
,Caerulein precursor
,Caerulein precursor
,Caerulein precursor
,
,
,
,
,
,
,
,
,
,Xenoposin precursor
,Xenoposin precursor
,Xenoposin precursor
,Antimicrobial peptide
,Antimicrobial peptide
,Antimicrobial peptide
,Antimicrobial peptide
,Antimicrobial peptide
,Antimicrobial peptide
,Antimicrobial peptide
,Xenopus tropicalis
,Xenopus tropicalis
,Xenopus tropicalis
,Xenopus tropicalis
,Xenopus tropicalis
,Xenopus tropicalis
,Xenopus tropicalis
,Zhangixalus feae
,Zhangixalus feae
